Name;Alt;Day;Month
ΒΑΣΙΛΗΣ;Βασίλειος,Βασίλης,Βάσος,Βασίλας,Βασιλάκης,Μπίλλης,Μπίλης,Βίλυ,Βασιλειος,Βασιλης,Βασος,Βασιλας,Βασιλακης,Μπιλλης,Μπιλης,Βίλυ;1;1
ΒΑΣΙΛΙΚΗ;Βασιλική,Βασιλεία,Βασιλίνα,Βασιλικούλα,Βάσω,Βάσια,Βασούλα,Βίκυ,Βασιλικη,Βασιλεια,Βασιλίνα,Βασιλικουλα,Βασω,Βασια,Βασουλα,Βικυ;1;1
ΕΜΜΕΛΕΙΑ;Εμμέλεια,Εμμελεια,Εμυ,Αμυ-εθιμοτυπικά;1;1
ΤΗΛΕΜΑΧΟΣ;Τηλέμαχος,Τηλεμαχος;1;1
ΣΕΡΑΦΕΙΜ;Σεραφείμ,Σεραφειμία,Σεραφείμα,Σεραφειμή,Σεραφειμούλα,Σεραφειμίτσα,Σεραφειμ,Σεραφειμια,Σεραφειμα,Σεραφειμη,Σεραφειμουλα,Σεραφειμιτσα;2;1
ΣΙΛΒΕΣΤΡΟΣ;Σίλβεστρος,Σιλβέστρης,Σίλβης,Σιλβέστρα,Σίλβα,Σιλβεστρος,Σιλβεστρης,Σιλβης,Σιλβεστρα,Σιλβα;2;1
ΣΥΛΒΕΣΤΡΟΣ;Συλβέστρος,Σιλβέστρος,Συλβεστρος,Σιλβεστρος;2;1
ΓΕΝΟΒΕΦΑ;Γενοβέφα,Γενεβιέβη,Γενοβεφα,Γενεβιεβη;3;1
δενυπάρχειμιαγιορτήπάραπολύγνωστή;;4;1
ΣΥΓΚΛΗΤΙΚΗ;Συγκλητική,Συγκλητικη;5;1
ΘΕΩΝΗ;Θεωνάς,Θεώνη,Θεωνίτσα,Θεωνας,Θεωνη,Θεωνιτσα;5;1
ΘΕΟΠΕΜΠΤΟΣ;Θεόπεμπτος,Θεόπεμπτη,Θεοπεμπτος,Θεοπεμπτη;5;1
ΘΕΟΠΟΥΛΑ;Θεοπούλα,Θεόπη,Θεοπουλα,Θεοπη;6;1
ΘΕΟΦΑΝΗΣ;Θεοφάνης,Φάνης,Θεοφανία,Θεανώ(εθιμικά),Θεοφανης,Φανης,Θεοφανια,Θεανω(εθιμικα);6;1
ΙΟΡΔΑΝΗΣ;Ιορδάνης,Γιορντανής,Ντάνης,Δάνης,Ιορδανία,Ιορδάνα,Γιορντάνα,Ντάνα,Δάνα,Ιορδανης,Γιορντανης,Ντανης,Δανης,Ιορδανια,Ιορδανα,Γιορντανα,Ντανα,Δανα;6;1
ΟΥΡΑΝΙΑ;Ουρανία,Ράνια,Ουρανια,Ρανια;6;1
ΠΕΡΙΣΤΕΡΑ;Περιστέρα,Περιστερα;6;1
ΦΑΙΔΩΝ;Φαίδων,Φαιδων;6;1
ΦΑΝΗ;Φανή,Φένια,Φάνια,Φανούλα,Φανη,Φενια,Φανια,Φανουλα;6;1
ΦΩΤΕΙΝΗ;Φωτεινή,Φώτω,Φώφη,Φωτούλα,Φαίη,Φωφώ,Φωτεινη,Φωτω,Φωφη,Φωτουλα,Φαιη,Φωφω;6;1
ΦΩΤΗΣ;Φώτιος,Φώτης,Φωτεινός,Φώτις,Φωτιος,Φωτης,Φωτεινος,Φωτις;6;1
ΦΩΤΙΚΑ;Φωτίκα,Φωτίκω,Φώτα,Φωτή,Φωτικα,Φωτικω,Φωτα,Φωτη;6;1
ΓΙΑΝΝΑ;Γιάννα,Γιαννούλα,Γιανγκούλα,Γιαννα,Γιαννουλα,Γιανγκουλα;7;1
ΓΙΑΝΝΗΣ;Γιάννης,Τζαννής,Τζανής,Γιαννιός,Γιάννος,Γιάνναρος,Γιανναράς,Γιάνγκος,Γιανγκούλας,Γιαννάκης,Γιάγκος,Γιαννης,Τζαννης,Τζανης,Γιαννιος,Γιαννος,Γιανναρος,Γιανναρας,Γιανγκος,Γιανγκουλας,Γιαννακης,Γιαγκος;7;1
ΖΑΝΝΕΤΟΣ;Ζαννέτος,Ζαννέτα,Ζανέτ,Ζαννέττος,Ζαννέττα,Ζανετ;7;1
ΙΩΑΝΝΗΣ;Ιωάννης,Ιωάννα,Ιβάνα,Βάνα,Βάννα,Ιωαννης,Ιωαννα,Ιβανα,Βανα,Βαννα;7;1
ΠΡΟΔΡΟΜΟΣ;Πρόδρομος,Προδρομάκης,Μάκης,Προδρομία,Προδρομος,Προδρομακης,Μακης,Προδρομια;7;1
ΣΕΝΤ;Σέντ,Σεντ;7;1
ΑΓΑΘΩΝ;Αγάθων,Αγαθων;8;1
ΒΑΣΙΛΙΣΣΑ;Βασίλισσα,Βασιλισσα;8;1
ΔΟΜΙΝΙΚΗ;Δομινίκη,Δομνίκα,Δομνίκη,Δομινικη,Δομνικα,Δομνικη;8;1
ΚΕΛΣΙΟΣ;Κέλσιος,Κέλσια,Κέλσα,Κέλση,Τσέλση,Ελση,Ελσα,Κελσιος,Κελσια,Κελσα,Κελση,Τσελση;8;1
ΠΑΡΘΕΝΑ;Παρθένα,Παρθενία,Παρθενούλα,Παρθενα,Παρθενια,Παρθενουλα;8;1
ΕΥΣΤΡΑΤΙΟΣ;Ευστράτιος,Ευστράτης,Ευστρατάς,Στρατάς,Στρατής,Στράτος,Ευστρατία,Ευστρατούλα,Στρατούλα,Στράτα,Ευστρατιος,Ευστρατης,Ευστρατας,Στρατας,Στρατης,Στρατος,Ευστρατια,Ευστρατουλα,Στρατουλα,Στρατα;9;1
δενυπάρχειμιαγιορτήπάραπολύγνωστή;;10;1
ΘΕΟΔΟΣΙΟΣ;Θεοδόσιος,Θεοδόσης,Δόσιος,Δόσης,Θεοδοσιος,Θεοδοσης,Δοσιος,Δοσης;11;1
ΜΕΡΤΙΟΣ;Μέρτιος,Μέρτος,Μέρτης,Μύρτος,Μερτία,Μέρτα,Μέρτη,Μερτούλα,Μυρτιά,Μυρτούλα,Μερτιος,Μερτος,Μερτης,Μυρτος,Μερτια,Μερτα,Μερτη,Μερτουλα,Μυρτια,Μυρτουλα;12;1
ΤΑΤΙΑΝΗ;Τατιανή,Τατιάνα,Τάτια,Τίτη,Τάνια,Τατιανη,Τατιανα,Τατια,Τιτη,Τανια;12;1
ΕΡΜΥΛΛΟΣ;Ερμύλλος,Ερμίλλος,Ερμύλλη,Ερμίλλη,Ερμύλα,Ερμυλλος,Ερμιλλος,Ερμυλλη,Ερμιλλη,Ερμυλα;13;1
ΝΙΝΑ;Νίνας,Νίνα,Νινας,Νινα;14;1
δενυπάρχειμιαγιορτήπάραπολύγνωστή;;15;1
δενυπάρχειμιαγιορτήπάραπολύγνωστή;;16;1
ΑΝΤΩΝΙΟΣ;Αντώνιος,Αντώνης,Αντώνας,Τόνης,Τόνυ,Αντωνάκος,Νάκος,Αντωνάκης,Αντωνία,Αντωνούλα,Τόνια,Αντωνιος,Αντωνης,Αντωνας,Τονης,Τονυ,Αντωνακος,Νακος,Αντωνακης,Αντωνια,Αντωνουλα,Τονια;17;1
ΘΕΟΔΟΣΙΟΣ;Θεοδόσιος,Θεοδόσης,Δόσιος,Δόσης,Θεοδοσιος,Θεοδοσης,Δοσιος,Δοσης;17;1
ΑΘΑΝΑΣΙΟΣ;Αθανάσιος,Αθανασία,Θανάσης,Νάσια,Νάνσυ,Νάσος,Θανάσος,Θανασάκης,Σάκης,Θάνος,Θανασία,Θανασούλα,Σούλα,Νάσα,Αθανασιος,Αθανασια,Θανασης,Νασια,Νανσυ,Νασος,Θανασος,Θανασακης,Σακης,Θανος,Θανασια,Θανασουλα,Σουλα,Νασα;18;1
ΘΕΟΔΟΥΛΑ;Θεόδουλος,Θεοδούλιος,Θεοδούλης,Θεόδουλη,Θεοδουλία,Θεοδούλα,Θεοδούλη,Θεοδουλος,Θεοδουλιος,Θεοδουλης,Θεοδουλη,Θεοδουλια,Θεοδουλα;18;1
ΚΥΡΙΛΛΟΣ;Κύριλλος,Κυριλλία,Κυρίλλα,Κυρίλλη,Κυριλλος,Κυριλλια,Κυριλλα,Κυριλλη;18;1
ΕΥΦΡΑΣΙΑ;Ευφρασία,Ευφρασίτσα,Ευφρασια,Ευφρασιτσα;19;1
ΜΑΚΑΡΙΟΣ;Μακάριος,Μακάρης,Μακαράς,Μακαρία,Μακάρω,Μακαρίτσα,Μακαρούλα,Μακαριος,Μακαρης,Μακαρας,Μακαρια,Μακαρω,Μακαριτσα,Μακαρουλα;19;1
ΕΥΘΥΜΙΟΣ;Ευθύμιος,Ευθύμης,Θύμιος,Θέμης,Ευθυμία,Ευθυμούλα,Ευθυμιος,Ευθυμης,Θυμιος,Θεμης,Ευθυμια,Ευθυμουλα;20;1
ΘΥΡΣΗ;Θύρσος,Θύρσης,Θύρσα,Θύρση,Θυρσος,Θυρσης,Θυρσα,Θυρση;20;1
ΦΑΒΙΑΝΟΣ;Φαβιανός,Φαβιανος;20;1
ΑΓΝΗ;Αγνή,Αγνούλα,Αγνη,Αγνουλα;21;1
ΕΥΓΕΝΙΟΣ;Ευγένιος,Ευγένης,Ευγενιος,Ευγενης;21;1
ΜΑΞΙΜΟΣ;Μάξιμος,Μάξιμη,Μάξιμα,Μαξιμος,Μαξιμη,Μαξιμα;21;1
ΝΕΟΦΥΤΟΣ;Νεόφυτος,Νεοφυτία,Νεοφύτη,Νεοφυτος,Νεοφυτια,Νεοφυτη;21;1
ΠΑΤΡΟΚΛΟΣ;Πάτροκλος,Πατρόκλειος,Πατροκλέας,Πατροκλής,Πατρόκλεια,Πατροκλά,Πάτρα,Πατρούλα,Πατροκλος,Πατροκλειος,Πατροκλεας,Πατροκλης,Πατροκλεια,Πατροκλα,Πατρα,Πατρουλα;21;1
ΑΝΑΣΤΑΣΙΟΣ;Αναστάσιος,Αναστασία,Τάσος,Αναστάσης,Τασία,Σία,Τατία,Τάσα,Τέσα,Τασούλα,Τασσώ,Νατάσσα,Σίσσυ,Αναστασιος,Αναστασια,Τασος,Αναστασης,Τασια,Σια,Τατια,Τασα,Τεσα,Τασουλα,Τασσω,Νατασσα,Σισσυ;22;1
ΤΙΜΟΘΕΟΣ;Τιμόθεος,Τίμος,Τιμάς,Τίμης,Τιμοθέα,Τιμοθέη,Τίμα,Τίμη,Θέος,Θέα,Θέη,Τιμοθεος,Τιμος,Τιμας,Τιμης,Τιμοθεα,Τιμοθεη,Τιμα,Τιμη,Θεος,Θεα,Θεη;22;1
ΑΓΑΘΑΓΓΕΛΟΣ;Αγαθάγγελος,Αγαθαγγέλα,Αγαθαγγέλη,Αγαθαγγελος,Αγαθαγγελα,Αγαθαγγελη;23;1
ΔΙΟΝΥΣΗΣ;Διονύσιος,Νύσης,Διονύσης,Νιόνιος,Διονυσία,Διονυσούλα,Νύσα,Ντένης,Ντενίζ,Σίσσυ,Διονυσιος,Νυσης,Διονυσης,Νιονιος,Διονυσια,Διονυσουλα,Νυσα,Ντενης,Ντενιζ,Σισσυ;23;1
ΖΩΣΙΜΑΣ;Ζωσιμάς,Ζωσιμίνα,Ζωσιμας,Ζωσιμινα;24;1
ΞΕΝΗ;Ξένη,Ξένια,Ξένος,Ξένιος,Ξενη,Ξενια,Ξενος,Ξενιος;24;1
ΦΙΛΩΝΑΣ;Φίλωνας,Φίλων,Φιλωνας,Φιλων;24;1
ΓΡΗΓΟΡΗΣ;Γρηγόρης,Γρηγορία,Γρηγόριος,Γόλης,Γρηγορης,Γρηγορια,Γρηγοριος,Γολης;25;1
ΜΑΡΓΑΡΙΤΑ;Μαργαρίτα,Μαργαριτα;25;1
ΞΕΝΟΦΩΝ;Ξενοφών,Ξενοφώντας,Φώντας,Φόντας,Φόνης,Ξενοφωντία,Ξενοφωντίνα,Ξενοφούλα,Ξενοφώντη,Ξένια,Ξενοφων,Ξενοφωντας,Φωντας,Φοντας,Φονης,Ξενοφωντια,Ξενοφωντινα,Ξενοφουλα,Ξενοφωντη,Ξενια;26;1
δενυπάρχειμιαγιορτήπάραπολύγνωστή;;27;1
ΠΑΛΛΑΔΙΟΣ;Παλλάδιος,Παλάδιος,Παλλάδης,Παλάδης,Παλλαδιος,Παλαδιος,Παλλαδης,Παλαδης;28;1
ΧΑΡΙΣ;Χάρις,Χαρις;28;1
ΒΑΡΣΑΜΙΑ;Βαρσαμία,Βαρσάμω,Βαλσάμω,Βαλσαμία,Βαρσιμαίος,Βαρσάμης,Βαλσάμης,Βαρσαμια,Βαρσαμω,Βαλσαμω,Βαλσαμια,Βαρσιμαιος,Βαρσαμης,Βαλσαμης;29;1
ΑΥΡΑ;Αύρα,Αυρα;30;1
ΜΑΥΡΟΣ;Μαύρος,Μαυρουδής,Μαυροειδής,Μαυρέτα,Μαυρος,Μαυρουδης,Μαυροειδης,Μαυρετα;30;1
ΤΡΙΩΝΙΕΡΑΡΧΩΝ;ΤριώνΙεραρχών,ΤριωνΙεραρχων;30;1
ΧΡΥΣΗ;Χρυσή,Χρυση;30;1
ΕΥΔΟΞΙΑ;Ευδοξία,Ευδοξούλα,Δόξα,Δοξούλα,Ευδοξια,Ευδοξουλα,Δοξα,Δοξουλα;31;1
ΚΥΡΟΣ;Κύρος,Κύρης,Κυρος,Κυρης;31;1
ΜΠΡΙΖΙΤ;Μπριζίτ,Μπριγκίτα,Μπριγκίττα;1;2
ΤΡΥΦΩΝΑΣ;Τρύφωνας,Τρύφων,Τρυφωνία,Τρυφωνας,Τρυφων,Τρυφωνια;1;2
ΦΙΛΙΚΗΤΑΤΗ;Φιλικητάτη,Φιλικήτη,Φιλικήτα,Φιλικητατη,Φιλικητη,Φιλικητα;1;2
ΥΠΑΠΑΝΤΗ;Υπαπαντή,Υπαπαντη;2;2
ΑΣΗΜΑΚΗΣ;Ασημάκης,Ασημακης;3;2
ΑΣΗΜΙΝΑ;Ασημίνα,Ασημινα;3;2
ΣΤΑΜΑΤΗΣ;Σταμάτιος,Σταμάτης,Στάμος,Σταμούλης,Σταμέλος,Σταμέλης,Σταμελάς,Σταματιος,Σταματης,Σταμος,Σταμουλης,Σταμελος,Σταμελης,Σταμελας;3;2
ΣΤΑΜΑΤΙΑ;Σταματία,Σταματίνα,Σταμάτα,Μάτα,Ματούλα,Σταμέλα,Σταμούλα,Ματίνα,Σταματή,Μάτω,Σταματέλλα,Σταματια,Σταματινα,Σταματα,Ματα,Ματουλα,Σταμελα,Σταμουλα,Ματινα,Σταματη,Ματω,Σταματελλα;3;2
ΣΥΜΕΩΝ;Συμεών,Συμεώνης,Συμεωνή,Συμεωνία,Συμεώνα,Σύμος,Σύμη,Συμεων,Συμεωνης,Συμεωνη,Συμεωνια,Συμεωνα,Συμος,Συμη;3;2
ΙΑΣΙΜΟΣ;Ιάσιμος,Ιασίμη,Σίμος,Σίμη,Ιασιμος,Ιασιμη,Σιμος,Σιμη;4;2
ΙΣΙΔΩΡΟΣ;Ισίδωρος,Σιδέρης,Ισιδωρος,Σιδερης;4;2
ΑΓΑΘΗ;Αγαθή,Αγαθούλα,Αγαθώ,Αγαθία,Αγαθίτσα,Αγαθη,Αγαθουλα,Αγαθω,Αγαθια,Αγαθιτσα;5;2
ΦΩΤΗΣ;Φώτιος,Φώτης,Φωτεινός,Φώτις,Φωτιος,Φωτης,Φωτεινος,Φωτις;6;2
ΠΑΡΘΕΝΗΣ;Παρθένιος,Παρθένης,Παρθενία,Παρθενόπη,Παρθενιος,Παρθενης,Παρθενια,Παρθενοπη;7;2
ΖΑΧΑΡΙΑΣ;Ζαχαρίας,Ζάχαρης,Ζάχαρος,Ζαχάρω,Ζαχαρούλα,Ζαχαρίτσα,Ζαχαρένια,Ζάκι,Ζάκης,Ζαχαριας,Ζαχαρης,Ζαχαρος,Ζαχαρω,Ζαχαρουλα,Ζαχαριτσα,Ζαχαρενια,Ζακι,Ζακης;8;2
ΜΑΡΚΕΛΟΣ;Μάρκελος,Μαρκελος;9;2
ΝΙΚΗΦΟΡΟΣ;Νικηφόρος,Νικηφορία,Νικηφόρα,Νίκη,Νικηφορος,Νικηφορια,Νικηφορα,Νικη;9;2
ΠΑΓΚΡΑΤΙΟΣ;Παγκράτιος,Παγκρατία,Παγκρατιος,Παγκρατια;9;2
ΧΑΡΑΛΑΜΠΙΑ;Χαραλαμπία,Χαρά,Λαμπία,Λαμπή,Λάμπω,Χαραλαμπή,Μπαμπίνα,Μπηλιώ,Μπιλιώ,Μπία,Χάμπη,Χαραλαμπια,Χαρα,Λαμπια,Λαμπη,Λαμπω,Χαραλαμπη,Μπαμπινα,Μπηλιω,Μπιλιω,Μπια,Χαμπη;10;2
ΧΑΡΑΛΑΜΠΟΣ;Χαράλαμπος,Λάμπος,Χαραλάμπης,Χάρης,Λάμπης,Λαμπίας,Μπάμπης,Μπάμπος,Χάμπος,Χαραλαμπος,Λαμπος,Χαραλαμπης,Χαρης,Λαμπης,Λαμπιας,Μπαμπης,Μπαμπος,Χαμπος;10;2
ΧΑΡΙΚΛΕΙΑ;Χαρίκλεια,Χαρούλα,Χαρικλεια,Χαρουλα;10;2
ΧΑΡΙΛΑΟΣ;Χαρίλαος,Χάρης,Χαριλαος,Χαρης;10;2
ΑΥΓΗ;Αυγή,Αυγούλα,Αυγη,Αυγουλα;11;2
ΒΛΑΣΣΗΣ;Βλάσιος,Βλάσος,Βλάσης,Βλασία,Βλασούλα,Βλασιος,Βλασος,Βλασης,Βλασια,Βλασουλα;11;2
ΘΕΟΔΩΡΑ;Θεοδώρα,Δώρα,Ντόρα,Θοδώρα,Δωρούλα,Θεοδωρα,Δωρα,Ντορα,Θοδωρα,Δωρουλα;11;2
ΜΕΛΕΤΙΟΣ;Μελέτιος,Μελέτης,Μελετία,Μελετούλα,Μελετίνα,Μελετιος,Μελετης,Μελετια,Μελετουλα,Μελετινα;12;2
ΠΛΩΤΙΝΟΣ;Πλωτίνος,Πλωτός,Πλωτή,Πλωτίνα,Πλωτίνη,Πλωτινος,Πλωτος,Πλωτη,Πλωτινα,Πλωτινη;12;2
ΠΡΙΣΚΙΛΛΑ;Πρίσκιλλα,Πρισίλλα,Πρισκιλλα,Πρισιλλα;13;2
ΒΑΛΕΝΤΙΝΗΑγίαΛατινων;Βαλεντίων,Βαλεντίνος,Βαλεντίνο,Ντίνος,Βαλεντίνη,Βαλεντίνα,Ντίνα,Βαλεντιων,Βαλεντινος,Βαλεντινο,Ντινος,Βαλεντινη,Βαλεντινα,Ντινα;14;2
ΕΥΣΕΒΙΟΣ;Ευσέβιος,Ευσεβής,Ευσεβεία,Σέβη,Ευσεβούλα,Σεβούλα,Ευσεβιος,Ευσεβης,Ευσεβεια,Σεβη,Ευσεβουλα,Σεβουλα;15;2
ΠΑΜΦΙΛΟΣ;Πάμφιλος,Παμφιλος;16;2
ΠΑΜΦΥΛΗ;Παμφύλη,Παμφίλη,Παμφυλη,Παμφιλη;16;2
ΣΕΛΕΥΚΟΣ;Σέλευκος,Σελεύκα,Σελεύκη,Σελεύκεια,Σελευκος,Σελευκα,Σελευκη,Σελευκεια;16;2
ΧΛΟΗ;Χλόη,Χλοη;16;2
ΘΕΟΔΩΡΟΣ;Θεόδωρος-ΠολιούχοςΜυτιλήνης,Θεοδώρα,Δώρα,Ντόρα,Θόδωρος,Θοδώρα,Θοδωρής,Θοδωράκης,Θώδης,Θώδος,Δώρης,Θεοδωρος-ΠολιουχοςΜυτιληνης,Θεοδωρα,Δωρα,Ντορα,Θοδωρος,Θοδωρα,Θοδωρος,Θοδωρης,Θοδωρακης,Θωδης,Θωδος,Δωρης;17;2
ΑΓΑΠΗΤΟΣ;Αγαπητός,Αγαπητος;18;2
ΛΕΩΝ;Λέων,Λέοντας,Λεοντάριος,Λεοντάρης,Λεοντόκαρδος,Λεων,Λεοντας,Λεονταριος,Λεονταρης,Λεοντοκαρδος;18;2
ΦΙΛΟΘΕΗ;Φιλοθέη,Φιλοθέα,Φιλοθεούλα,Φιλόθεος,Φιλοθεη,Φιλοθεα,Φιλοθεουλα,Φιλοθεος;19;2
ΤΣΙΚΝΟΠΕΜΠΤΗ;Τσικνοπέμπτη,Τσικνοπεμπτη;20;2
δενυπάρχειμιαγιορτήπάραπολύγνωστή;;21;2
ΑΝΘΟΥΣΑ;Ανθούσα,Ανθούση,Ανθουσα,Ανθουση;22;2
ΘΑΛΑΣΣΙΟΣ;Θαλάσσιος,Θαλάσσης,Θαλασσία,Θάλασσα,Θαλασσινή,Θαλασσιος,Θαλασσης,Θαλασσια,Θαλασσα,Θαλασσινη;22;2
ΨΥΧΟΣΑΒΒΑΤΟ;1)(Ψυχοσάββατο,Ψυχοσαββατο;22;2
ΠΟΛΥΚΑΡΠΟΣ;Πολύκαρπος,Πολυκάρπης,Πολυκαρπία,Πολυκάρπη,Πολυκαρπίτσα,Πολυκαρπούλα,Πολυκαρπος,Πολυκαρπης,Πολυκαρπια,Πολυκαρπη,Πολυκαρπιτσα,Πολυκαρπουλα;23;2
ΠΟΛΥΧΡΟΝΗΣ;Πολυχρόνιος,Πολυχρόνης,Χρόνης,Πολυχρονία,Πολυχρονούλα,Πολυχρονιος,Πολυχρονης,Χρονης,Πολυχρονια,Πολυχρονουλα;23;2
δενυπάρχειμιαγιορτήπάραπολύγνωστή;;24;2
ΡΗΓΙΝΟΣ;Ρηγίνος,Ρηγίνη,Ρηγίνα,Ρεγίνα,Ρεγγίνα,Ρήγας,Ρήγισσα,Ρηγούλα,Ρηγίλη,Ρήγω,Ρήγος,Ρηγινος,Ρηγινη,Ρηγινα,Ρεγινα,Ρεγγινα,Ρηγας,Ρηγισσα,Ρηγουλα,Ρηγιλη,Ρηγω,Ρηγος;25;2
ΤΑΡΑΣΙΟΣ;Ταράσιος,Ταράσης,Ταρασιος,Ταρασης;25;2
ΤΑΡΣΩ;Ταρσή,Ταρσώ,Ταρασία,Ταρσίτσα,Ταρση,Ταρσω,Ταρασια,Ταρσιτσα;25;2
ΑΝΑΤΟΛΗ;Ανατολή,Ανατολη;26;2
ΠΟΡΦΥΡΙΟΣ;Πορφύριος,Πορφυρός,Πορφύρης,Πορφυρή,Πορφυρία,Πορφύρα,Πορφυρώ,Πορφυρούλα,Πορφυριος,Πορφυρος,Πορφυρης,Πορφυρη,Πορφυρια,Πορφυρα,Πορφυρω,Πορφυρουλα;26;2
ΣΕΒΑΣΤΙΑΝΟΣ;Σεβαστιανός,Σεβαστίνος,Σεβαστός,Σέβος,Σέβης,Σεβαστιανος,Σεβαστινος,Σεβαστος,Σεβος,Σεβης;26;2
ΦΩΤΕΙΝΗ;Φωτεινή,Φώτω,Φώφη,Φωτούλα,Φαίη,Φωφώ,Φωτεινη,Φωτω,Φωφη,Φωτουλα,Φαιη,Φωφω;26;2
ΑΣΚΛΗΠΙΟΣ;Ασκληπιός,Ασκληπιάς,Ασκληπιάδα,Ασκληπιος,Ασκληπιας,Ασκληπιαδα;27;2
ΝΗΣΙΟΣ;Νήσιος,Νήσης,Νήσα,Νησιος,Νησης,Νησα;27;2
ΚΥΡΑ;Κύρα,Κυρά,Κυράτσα,Κυράτσω,Κυράτση,Κυρατσούδα,Κυρατσούλα,Κυρα,Κυρα,Κυρατσα,Κυρατσω,Κυρατση,Κυρατσουδα,Κυρατσουλα;28;2
ΜΑΡΙΑΝΝΑ;Μαριάννα,Μαριαννα;28;2
ΚΑΣΣΙΑΝΟΣ;Κασσιανός,Κασιανός,Κάσσιος,Κάσιος,Κάσσος,Κάσος,Κάσσης,Κάσης,Κασσιανος,Κασιανος,Κασσια,Κασια,Κασσιος,Κασιος,Κασσος,Κασος,Κασσης,Κασης;29;2
ΕΥΔΟΚΙΑ;Ευδοκία,Ευδοκή,Ευδοκια,Ευδοκη;1;3
ΠΑΡΑΣΚΕΥΑΣ;Παρασκευή,Εύη,Παρασκευούλα,Βούλα,Παρασκευάς,Πάρης,Πάρις,Παρασκευη,Ευη,Παρασκευουλα,Βουλα,Παρασκευας,Παρης,Παρις;1;3
ΠΑΡΑΣΧΟΣ;Παράσχος,Παρασχος;1;3
ΧΑΡΙΣΙΟΣ;Χαρίσιος,Χάρισος,Χαρίσης,Χαρίσα,Χαρισιος,Χαρισος,Χαρισης,Χαρισα;1;3
ΕΥΘΑΛΙΑ;Ευθαλία,Ευθαλίτσα,Ευθαλιώ,Θάλια,Θάλεια,Θαλίτσα,Θαλιώ,Ευθαλια,Ευθαλιτσα,Ευθαλιω,Θαλια,Θαλεια,Θαλιτσα,Θαλιω;2;3
ΚΑΘΑΡΑΔΕΥΤΕΡΑ;ΚαθαράΔευτέρα,ΚαθαραΔευτερα;2;3
ΤΡΩΑΔΙΟΣ;Τρωάδιος,Τρωάδης,Τρωάδος,Τρωάς,Τρωάδα,Τρωαδία,Τρωάδη,Τρωαδίτσα,Τρωαδιος,Τρωαδης,Τρωαδος,Τρωας,Τρωαδα,Τρωαδια,Τρωαδη,Τρωαδιτσα;2;3
ΚΛΕΟΝΙΚΟΣ;Κλεόνικος,Κλεονίκη,Κλεονίκω,Νίκη,Κλεονικος,Κλεονικη,Κλεονικω,Νικη;3;3
ΓΕΡΑΣΙΜΟΣ;Γεράσιμος,Μάκης,Μικές,Μίκης,Γερασιμος,Μακης,Μικες,Μικης;4;3
ΑΡΧΕΛΑΟΣ;Αρχέλαος,Αρχελαος;5;3
ΕΥΛΟΓΙΟΣ;Ευλόγιος,Ευλογής,Ευλογία,Ευλογούλα,Ευλογίτσα,Ευλογιος,Ευλογης,Ευλογια,Ευλογουλα,Ευλογιτσα;5;3
ΚΟΝΩΝ;Κόνων,Κονων;5;3
ΗΣΥΧΙΟΣ;Ησύχιος,Ησύχης,Ησυχία,Ησυχιος,Ησυχης,Ησυχια;6;3
ΕΥΓΕΝΙΟΣ;Ευγένιος,Ευγένης,Ευγενιος,Ευγενης;7;3
ΘΕΟΔΩΡΟΣ;Θεόδωρος,Θεοδώρα,Δώρα,Ντόρα,Θοδώρα,Θόδωρος,Θοδωρής,Θοδωράκης,Θώδης,Θώδος,Δώρης,Θεοδωρος,Θεοδωρα,Δωρα,Ντορα,Θοδωρος,Θοδωρα,Θοδωρος,Θοδωρης,Θοδωρακης,Θωδης,Θωδος,Δωρης;7;3
ΑΞΙΑ;Αξια,Αξιος,Αξια,Αξιος;8;3
ΕΡΜΗΣ;Ερμής,Ερμης;8;3
ΘΕΟΦΥΛΑΚΤΟΣ;Θεοφύλακτος,Φυλακτός,Φυλαχτός,Θεοφύλακτη,Φυλακτή,Φυλαχτή,Φυλαχτούλα,Θεοφυλακτος,Φυλακτος,Φυλαχτος,Θεοφυλακτη,Φυλακτη,Φυλαχτη,Φυλαχτουλα;8;3
ΚΥΡΙΑΚΗΤΗΣΟΡΘΟΔΟΞΙΑΣ;ΚυριακήτηςΟρθοδοξίας,ΚυριακητηςΟρθοδοξιας;8;3
ΛΩΞΑΝΔΡΑ;Λωξάνδρα,Λωξάντρα,Λωξανδρα,Λωξαντρα;8;3
ΟΡΘΟΔΟΞΗΣ;Ορθοδόξης,Δόξης,Δοξάκης,Ορθοδοξία,Δόξα,Ορθούλα,Ορθοδοξης,Δοξης,Δοξακης,Ορθοδοξια,Δοξα,Ορθουλα;8;3
ΡΩΞΑΝΗ;Ρωξάνη,Ρωξάνα,Ρωξανη,Ρωξανα;8;3
ΑΕΤΙΟΣ;Αέτιος,Αετός,Αέτης,Αετίς,Αετίνα,Αετίων,Αετιος,Αετος,Αετης,Αετις,Αετινα,Αετιων;9;3
ΒΙΒΙΑΝΟΣ;Βιβιανός,Βιβιάνα,Βιβιανή,Βίβιαν,Βιβή,Βιβιανος,Βιβιανα,Βιβιανη,Βιβιαν,Βιβη;9;3
ΗΛΙΑΝΑ;Ηλιανός,Ηλιανή,Ηλιάνα,Λιάνα,Ηλιανος,Ηλιανη,Ηλιανα,Λιανα;9;3
ΙΛΙΑΝΑ;Ιλιάνα,Ιλιάς,Ιλιανα,Ιλιας;9;3
ΛΥΣΙΜΑΧΟΣ;Λυσίμαχος,Λυσιμάχη,Λυσιμαχος,Λυσιμαχη;9;3
ΞΑΝΘΟΣ;Ξάνθος,Ξάνθιος,Ξανθιάς,Ξανθούλιος,Ξανθούλης,Ξανθή,Ξανθούλα,Ξανθος,Ξανθιος,Ξανθιας,Ξανθουλιος,Ξανθουλης,Ξανθη,Ξανθουλα;9;3
ΣΑΡΑΝΤΟΣ;Σαράντης,Σαράντος,Σαραντούλα,Σαραντης,Σαραντος,Σαραντουλα;9;3
ΣΕΒΗΡΙΑΝΟΣ;Σεβηριανός,Σεβηριανή,Σεβηριανος,Σεβηριανη;9;3
ΣΜΑΡΑΓΔΑ;Σμαραγδένια,Σμαραγδία,Σμαραγδή,Σμαράγδα,Σμαράγδω,Σμαρούλα,Σμαρώ,Σμαραγδούλα,Σμάρα,Σμαραγδενια,Σμαραγδια,Σμαραγδη,Σμαραγδα,Σμαραγδω,Σμαρουλα,Σμαρω,Σμαραγδουλα,Σμαρα;9;3
ΣΜΑΡΑΓΔΟΣ;Σμάραγδος,Σμαράγδης,Σμαραγδένιος,Σμάρης,Σμαραγδος,Σμαραγδης,Σμαραγδενιος,Σμαρης;9;3
ΦΙΛΟΚΤΗΜΩΝ;Φιλοκτήμων,Φιλοκτήμονας,Φιλοκτημων,Φιλοκτημονας;9;3
δενυπάρχειμιαγιορτήπάραπολύγνωστή;;10;3
ΘΑΛΗΣ;Θαλλός,Θαλλής,Θαλής,Θάλλεια,Θάλεια,Θάλλω,Θαλλος,Θαλλης,Θαλης,Θαλλεια,Θαλεια,Θαλλω;11;3
ΘΕΟΔΩΡΑ;Θεοδώρα,Δώρα,Ντόρα,Θοδώρα,Δωρούλα,Θεοδωρα,Δωρα,Ντορα,Θοδωρα,Δωρουλα;11;3
ΣΑΒΙΝΑ;Σαβίνα,Ζαμπίνα,Ζαμπία,Σαβινα,Ζαμπινα,Ζαμπια;11;3
ΣΩΦΡΟΝΙΟΣ;Σωφρόνιος,Σωφρόνης,Σωφρονία,Σωφρόνη,Σωφρονιος,Σωφρονης,Σωφρονια,Σωφρονη;11;3
ΘΕΟΦΑΝΗΣ;Θεοφάνης,Φάνης,Θεοφανία,Θεοφανης,Φανης,Θεοφανια;12;3
ΦΑΝΗ;Φανή,Φένια,Φάνια,Φανούλα,Φανη,Φενια,Φανια,Φανουλα;12;3
ΛΕΑΝΔΡΟΣ;Λέανδρος,Λεανδρος;13;3
ΜΑΡΙΟΣ;Μάριος,Μαριος;13;3
ΒΕΝΕΔΙΚΤΟΣ;Βενέδικτος,Βενεδίκτη,Βενεδικτίνη,Βενεδικτίνα,Βενεδικτος,Βενεδικτη,Βενεδικτινη,Βενεδικτινα;14;3
ΕΥΦΡΑΣΙΟΣ;Ευφράσιος,Ευφράσης,Ευφράσας,Φράσας,Φράσιος,Φράσης,Ευφρασιος,Ευφρασης,Ευφρασας,Φρασας,Φρασιος,Φρασης;14;3
ΜΑΤΘΙΛΝΤΗ;Ματθίλντη(Καθολ),Ματίλντα,Ματθίλδη,Μαθίλδη,Θίλδη,Θίλδα,Τίτα,Ματθιλντη,Ματιλντα,Ματθιλδη,Μαθιλδη,Θιλδη,Θιλδα,Τιτα;14;3
ΑΓΑΠΙΟΣ;Αγάπιος,Αγαπιος;15;3
ΓΡΗΓΟΡΗΣ;Γρηγόρης,Γρηγορία,Γρηγόριος,Γόλης,Γρηγορης,Γρηγορια,Γρηγοριος,Γολης;15;3
ΙΟΥΛΙΑΝΟΣ;Ιουλιανός,Γιουλιανός,Γιολανός,Ιουλιανος,Γιουλιανος,Γιολανος;16;3
ΧΡΙΣΤΟΔΟΥΛΟΣ;Χριστόδουλος,Χριστοδουλος;16;3
ΑΛΕΞΙΟΣ;Αλέξιος,Αλεξία,Αλέξης,Αλέκος,Αλέξα,Αλεξιος,Αλεξια,Αλεξης,Αλεκος,Αλεξα;17;3
ΓΕΡΤΡΟΥΔΗ;Γερτρούδη,Γερτρουδη;17;3
ΕΔΟΥΑΡΔΟΣ;Εδουάρδος,Εντυ,Εντουαρντ,Εδουαρδος;18;3
ΔΑΡΕΙΑ;Δαρεία,Δάρα,Δάρω,Δαρεια,Δαρα,Δαρω;19;3
ΧΡΥΣΑΝΘΗ;Χρυσάνθη,Χρυσανθίς,Χρυσανθη,Χρυσανθις;19;3
ΧΡΥΣΑΝΘΟΣ;Χρύσανθος,Χρυσανθος;19;3
ΚΛΩΝΤΙΑ;Κλώντια,Κλόντια,Κλό,Κλαύδια,Κλωντια,Κλοντια,Κλο,Κλαυδια;20;3
ΡΟΔΗ;Ροδή,Ροδία,Ροδη,Ροδια;20;3
ΡΟΔΙΑΝΟΣ;Ροδιανός,Ροδινός,Ροδίνης,Ρόδης,Ροδιανή,Ροδιάνα,Ροδιανος,Ροδινος,Ροδινης,Ροδης,Ροδιανη,Ροδιανα;20;3
δενυπάρχειμιαγιορτήπάραπολύγνωστή;;21;3
ΔΡΟΣΟΣ;Δρόσος,Δροσος;22;3
ΔΡΟΣΟΥΛΑ;Δροσίς,Δροσίδα,Δροσούλα,Δροσία,Δρόσω,Δροσοσταλία,Δροσοσταλίδα,Δροσις,Δροσιδα,Δροσουλα,Δροσια,Δροσω,Δροσοσταλια,Δροσοσταλιδα;22;3
δενυπάρχειμιαγιορτήπάραπολύγνωστή;;23;3
δενυπάρχειμιαγιορτήπάραπολύγνωστή;;24;3
ΕΘΝΕΓΕΡΣΙΑ;Εθνεγερσία,Εθνεγερσια;25;3
ΕΥΑΓΓΕΛΟΣ;Ευάγγελος,Ευαγγελία,Βαγγέλης,Βαγγέλας,Βάγγος,Αγγελής,Βαγγελιώ,Βαγγελίτσα,Βαγγελή,Βαγγελίνα,Βάγγια,Λίτσα,Εύα,Κέλλυ,Λιλή,Λιλίκα;25;3
ΠΟΥΛΙΟΣ;Πούλιος,Πουλιος;26;3
ΣΥΛΑΣ;Συλάς,Σύλος,Σύλα,Σύλια,Σύλη,Συλας,Συλος,Συλα,Συλια,Συλη;26;3
ΛΗΔΑ;Λήδα,Λύδα,Ληδα,Λυδα;27;3
ΛΥΔΙΑ;Λυδία,Λυδια;27;3
ΜΑΚΕΔΩΝ;Μακεδόνιος,Μακεδόνας,Μακεδόνης,Μακεδονία,Μακεδονούλα,Μακεδονίτσα,Μακεδών,Μακεδονιος,Μακεδονας,Μακεδονης,Μακεδονια,Μακεδονουλα,Μακεδονιτσα,Μακεδων;27;3
ΜΑΤΡΩΝΑ;Ματρώνα,Ματρόνα,Ματρωνα,Ματρονα;27;3
ΦΙΛΗΤΟΣ;Φίλητος,Φιλήτα,Φιλήτη,Φιλητος,Φιλητα,Φιλητη;27;3
δενυπάρχειμιαγιορτήπάραπολύγνωστή;;28;3
δενυπάρχειμιαγιορτήπάραπολύγνωστή;;29;3
δενυπάρχειμιαγιορτήπάραπολύγνωστή;;30;3
ΥΠΑΤΗΣ;Υπάτιος,Υπατος,Υπάτης,Υπατιος,Υπατης;31;3
Πρωταπριλιά;;1;4
ΤΙΤΟΣ;Τίτος,Τίτης,Τίτα,Τίτη,Τιτος,Τιτης,Τιτα,Τιτη;2;4
ΙΛΛΥΡΙΟΣ;Ιλλύριος,Ιλλυρία,Λύρος,Λύρα,Ιλλυριος,Ιλλυρια,Λυρος,Λυρα;3;4
δενυπάρχειμιαγιορτήπάραπολύγνωστή;;4;4
ΠΑΝΑΓΙΩΤΗΣ;Παναγιώτης,Πάνος,Πανούσος,Παναγής,Πανάγος,Γιώτης,Πανίκος,Τάκης,Παναγιώτα,Γιώτα,Παναγιούλα,Παναγούλα,Πάνη,Τότα,Τούλα,Πέγκυ;5;4
ΕΥΤΥΧΙΟΣ;Ευτύχιος,Ευτύχης,Ευτυχία,Ευτυχούλα,Ευτυχίτσα,Εφη,Ευτυχιος,Ευτυχης,Ευτυχια,Ευτυχουλα,Ευτυχιτσα,Εφη;6;4
δενυπάρχειμιαγιορτήπάραπολύγνωστή;;7;4
δενυπάρχειμιαγιορτήπάραπολύγνωστή;;8;4
ΕΥΨΥΧΙΟΣ;Ευψύχιος,Εύψυχος,Ευψυχής,Ευψυχία,Ευψυχούλα,Ευψυχίτσα,Ψυχούλα,Ψυχίτσα,Ευψυχιος,Ευψυχος,Ευψυχης,Ευψυχια,Ευψυχουλα,Ευψυχιτσα,Ψυχουλα,Ψυχιτσα;9;4
ΙΩΣΗΦ;Ιωσήφ,Σήφης,Ιωσηφίνα,Ζοζεφίνα,Ιωσηφ,Σηφης,Ιωσηφινα,Ζοζεφινα;9;4
ΑΝΑΞΙΜΕΝΗΣ;Αναξιμένης,Μένης,Αναξιμενης,Μενης;10;4
ΔΗΜΟΚΛΗΣ;Δημοκλής,Δήμος,Δημοκλης,Δημος,Δημόκλεια,Δημοκλεια;10;4
ΔΗΜΟΣΘΕΝΗΣ;Δημοσθένης,Δήμος,Δημοσθενης,Δημος;10;4
ΔΙΟΝΥΣΗΣ;Διονύσιος,Νύσης,Διονύσης,Νιόνιος,Διονυσία,Διονυσούλα,Νύσα,Ντένης,Ντενίζ,Σίσσυ,Διονυσιος,Νυσης,Διονυσης,Νιονιος,Διονυσια,Διονυσουλα,Νυσα,Ντενης,Ντενιζ,Σισσυ;10;4
ΕΠΑΜΕΙΝΩΝΔΑΣ;Επαμεινώνδας,Επαμεινωνδας;10;4
ΕΤΕΟΚΛΗΣ;Ετεοκλής,Ετεοκλης;10;4
ΖΗΝΩΝ;Ζήνων,Ζηνων;10;4
ΗΡΑΚΛΗΣ;Ηρακλής,Ηρακλεία,Ηρακλης,Ηρακλεια;10;4
ΗΦΑΙΣΤΙΩΝ;Ηφαιστίων,Ηφαιστιων;10;4
ΘΕΜΙΣΤΟΚΛΗΣ;Θεμιστοκλής,Θέμης,Θεμιστοκλεία,Θέμις,Θέμιδα,Θεμιστοκλης,Θεμης,Θεμιστοκλεια,Θεμις,Θεμιδα;10;4
ΘΕΟΦΡΑΣΤΟΣ;Θεόφραστος,Θεοφραστος;10;4
ΘΗΣΕΑΣ;Θησέας,Θησεύς,Θησεας,Θησευς;10;4
ΙΣΟΚΡΑΤΗΣ;Ισοκράτης,Ισοκρατης;10;4
ΜΑΞΙΜΟΣ;Μάξιμος,Μάξιμη,Μάξιμα,Μαξιμος,Μαξιμη,Μαξιμα;10;4
ΜΙΛΤΙΑΔΗΣ;Μιλτιάδης,Μίλτος,Μιλτιαδης,Μιλτος;10;4
ΞΕΝΟΦΩΝ;Ξενοφών,Ξενοφώντας,Φώντας,Φόντας,Φόνης,Ξενοφωντία,Ξενοφωντίνα,Ξενοφούλα,Ξενοφώντη,Ξένια,Ξενοφων,Ξενοφωντας,Φωντας,Φοντας,Φονης,Ξενοφωντια,Ξενοφωντινα,Ξενοφουλα,Ξενοφωντη,Ξενια;10;4
ΟΜΗΡΟΣ;Ομηρος;10;4
ΠΑΡΜΕΝΙΩΝ;Παρμενίων,Παρμενιων;10;4
ΠΕΛΟΠΙΔΑΣ;Πελοπίδας,Πελοπιδας;10;4
ΠΕΡΙΚΛΗΣ;Περικλής,Περικλης;10;4
ΠΙΝΔΑΡΟΣ;Πίνδαρος,Πινδαρος;10;4
ΠΟΛΥΒΙΟΣ;Πολύβιος,Πολυβιος;10;4
ΠΡΟΜΗΘΕΑΣ;Προμηθεύς,Προμηθέας,Προμηθευς,Προμηθεας;10;4
ΣΟΦΟΚΛΗΣ;Σοφοκλής,Σοφοκλης;10;4
ΣΩΚΡΑΤΗΣ;Σωκράτης,Σωκρατίνα,Σωκρατία,Σωκρατης,Σωκρατινα,Σωκρατια;10;4
ΤΙΜΟΘΕΟΣ;Τιμόθεος,Τίμος,Τιμάς,Τίμης,Τιμοθέα,Τιμοθέη,Τίμα,Τίμη,Θέος,Θέα,Θέη,Τιμοθεος,Τιμος,Τιμας,Τιμης,Τιμοθεα,Τιμοθεη,Τιμα,Τιμη,Θεος,Θεα,Θεη;10;4
ΦΙΛΟΠΟΙΜΗΝ;Φιλοποίμην,Φίλης,Φιλοποιμην,Φιλης;10;4
ΦΩΚΙΩΝ;Φωκίων,Φώκος,Φωκιων,Φωκος;10;4
ΑΝΤΥΠΑΣ;Αντίπας,Αντύπας,Αντιπας,Αντυπας;11;4
ΛΑΖΑΡΟΣ;Λάζαρος,Λάζος,Λαζαρος,Λαζος;11;4
ΑΚΑΚΙΟΣ;Ακάκιος,Ακακιος;12;4
ΒΑΙΟΣ;Βάϊος,Βάϊα,Βάγια,Βαία,Γιούλη,Βαιος,Βαια,Βαγια,Γιουλη;12;4
ΔΑΦΝΗ;Δάφνη,Δαφνη;12;4
ΔΑΦΝΗΣ;Δάφνης,Δαφνης;12;4
ΠΑΣΧΑΚΑΘΟΛΙΚΩΝ;ΠάσχαΚαθολικών,ΠασχαΚαθολικων;12;4
ΓΕΡΟΝΤΙΟΣ;Γερόντιος,Γερoντιος;13;4
ΜΕΓΑΛΗΔΕΥΤΕΡΑ;ΜεγάληΔευτέρα,ΜεγαληΔευτερα;13;4
ΠΑΓΚΑΛΟΣ;Πάγκαλος,Παγκαλος;13;4
ΑΡΙΣΤΑΡΧΟΣ;Αρίσταρχος,Αρισταρχος;14;4
ΘΩΜΑΙΣ;Θωμαΐς,Θωμαΐδα,Θωμαή,Θωμαϊς,Θωμαϊδα,Θωμαη;14;4
ΜΕΓΑΛΗΤΡΙΤΗ;ΜεγάληΤρίτη,ΜεγαληΤριτη;14;4
ΛΕΩΝΙΔΑΣ;Λεωνίδης,Λεωνίδας,Λεωνιδία,Λεωνιδης,Λεωνιδας,Λεωνιδια;15;4
ΜΕΓΑΛΗΤΕΤΑΡΤΗ;ΜεγάληΤετάρτη,ΜεγαληΤεταρτη;15;4
ΑΛΗΘΕΙΑ;Αλήθεια,Αληθεια;16;4
ΓΑΛΗΝΗ;Γαλήνη,Γαληνη;16;4
ΓΑΛΗΝΟΣ;Γαληνός,Γαληνος;16;4
ΚΑΛΛΙΣ;Καλλίς,Καλλίδα,Καλλία,Κάλλι,Καλίς,Καλίδα,Καλία,Κάλι,Καλλις,Καλλιδα,Καλλια,Κάλλι,Καλις,Καλιδα,Καλια,Καλι;16;4
ΜΕΓΑΛΗΠΕΜΠΤΗ;Παραδοσιακόβάψιμοκόκκινωναυγών)(ΜεγάληΠέμπτη,ΜεγαληΠεμπτη;16;4
ΝΙΚΗ;Νίκη,Νικη;16;4
ΧΙΟΝΙΑ;Χιονία,Χιονούλα,Χιονίτσα,Χιονάτη,Χιονια,Χιονουλα,Χιονιτσα,Χιονατη;16;4
ΜΕΓΑΛΗΠΑΡΑΣΚΕΥΗ;ΠεριφοράΕπιταφίου)(ΜεγάληΠαρασκευή,ΜεγαληΠαρασκευη;17;4
ΜΕΓΑΛΟΣΑΒΒΑΤΟ;ΜεγάλοΣάββατο,ΜεγαλοΣαββατο;18;4
ΑΝΑΣΤΑΣΙΟΣ;Αναστάσιος,Αναστασία,Τάσος,Αναστάσης,Τασία,Σία,Τατία,Τάσα,Τέσα,Τασούλα,Τασσώ,Νατάσσα,Σίσσυ,Αναστασιος,Αναστασια,Τασος,Αναστασης,Τασια,Σια,Τατια,Τασα,Τεσα,Τασουλα,Τασσω,Νατασσα,Σισσυ;19;4
ΑΝΕΣΤΗΣ;Ανέστης,Ανεστης;19;4
ΛΑΜΠΡΟΣ;Λάμπρος,Λαμπρινή,Λαμπρίνα,Λαμπρος,Λαμπρινη,Λαμπρινα;19;4
ΠΑΣΧΑΛΗΣ;Πασχάλης,Πασχαλης;19;4
ΠΑΣΧΑΛΙΝΑ;Πασχαλίνα,Λίνα,Πασχαλινα,Λινα;19;4
ΣΤΑΣΙΝΟΣ;Στασινός,Στασινή,Στασία,Στάσα,Στασίνα,Στασινος,Στασινη,Στασια,Στασα,Στασινα;19;4
ΤΟΑΓΙΟΠΑΣΧΑ;ΑγιοΠάσχα,ΑγιοΠασχα;19;4
ΖΑΚΧΑΙΟΣ;Ζακχαίος,Ζάκχος,Ζάχος,Ζακχαιος,Ζακχος,Ζαχος;20;4
ΑΛΕΞΑΝΔΡΑ;Αλεξάνδρα,Αλεξάντρα,Αλέκα,Αλεξανδρα,Αλεξαντρα,Αλεκα;21;4
ΕΙΡΗΝΗ;Ειρήνη,Ειρήνα,Ρένα,Ρήνα,Ρηνιώ,Ρηνούλα,Ειρήνγκω,Ρένια,Ειρηνη,Ειρηνα,Ρενα,Ρηνα,Ρηνιω,Ρηνουλα,Ειρηνγκω.Ρενια;21;4
ΙΑΝΟΣ;Ιανός,Ιανή,Ιανος,Ιανη;21;4
ΙΑΝΟΥΑΡΙΟΣ;Ιανουάριος,Ιανουαριος;21;4
ΝΙΚΟΛΑΟΣ;Νικόλαος,Νικόλας,Νίκος,Νικολός,Νικολής,Νικολάκης,Νικολούδα,Νικολίτσα,Νικολαος,Νικολας,Νικος,Νικολος,Νικολης,Νικολακης,Νικολουδα,Νικολιτσα;21;4
ΡΑΦΑΗΛ;Ραφαήλ,Ραφαήλος,Ραφαέλος,Ραφαέλα,Ραφαήλα,Ραφαηλία,Ραφαηλ,Ραφαηλος,Ραφαελος,Ραφαελα,Ραφαηλα,Ραφαηλια;21;4
ΦΑΙΣΤΟΣ;Φαίστος,Φαιστή,Φαιστίνα,Φαιστος,Φαιστη,Φαιστινα;21;4
ΘΕΟΧΑΡΗΣ;Θεοχάρης,Θεοχαρούλα,Χαρούλα,Θεοχαρης,Θεοχαρουλα,Χαρουλα;22;4
ΝΑΘΑΝΑΗΛ;Ναθαναήλ,Ναθάνης,Ναθαναήλος,Ναθαναήλης,Ναθαναηλία,Ναθανηλία,Ναθανίτσα,Ναθαναηλ,Ναθανης,Ναθαναηλος,Ναθαναηλης,Ναθαναηλια,Ναθανηλια,Ναθανιτσα;22;4
ΝΕΑΡΧΟΣ;Νέαρχος,Νιάρχος,Νεαρχος,Νιαρχος;22;4
ΓΕΩΡΓΙΑ;Γεωργία,Γιωργία,Γεωργούλα,Γιωργούλα,Γιωργίτσα,Γίτσα,Γωγώ,Ζωρζέττα,Ζέτα,Ζέττα,Τζίνα,Γεωργια,Γιωργια,Γεωργουλα,Γιωργουλα,Γιωργιτσα,Γιτσα,Γωγω,Ζωρζεττα,Ζετα,Ζεττα,Τζινα;23;4
ΓΕΩΡΓΙΟΣ;Γεώργιος,Γεωργής,Γιώργος,Γκόγκος,Γιώργης,Γιωργίτσης,Γιωργάκης,Γεωργιος,Γεωργης,Γιωργος,Γκογκος,Γιωργης,Γιωργιτσης,Γιωργακης;23;4
ΑΧΙΛΛΕΑΣ;Αχιλλέας,Αχιλλεύς,Αχιλλεας,Αχιλλευς;24;4
ΔΟΥΚΑΣ;Δούκας,Δούκισσα,Δουκίτσα,Δουκας,Δουκισσα,Δουκιτσα;24;4
ΕΛΙΣΑΒΕΤ;Ελισάβετ,Ελίζα,Λίζα,Λιζέτα,Ζέτα,Ζέττα,Ελλη,Βέτα,Ελισαβετ,Ελιζα,Λιζα,Λιζετα,Ζετα,Ζεττα,Βετα;24;4
ΖΗΣΗΣ;Ζήσης,Ζησούλα,Ζησης,Ζησουλα;24;4
ΖΗΣΙΜΟΣ;Ζήσιμος,Ζησιμος;24;4
ΖΩΗ;Ζωή,Ζώης,Ζωΐτσα,Ζωούλα,Ζωζώ,Ζωη,Ζωης,Ζωϊτσα,Ζωουλα,Ζωζω;24;4
ΘΑΥΜΑΣΤΟΣ;Θαυμαστός,Θαυμαστή,Θαυμαστος,Θαυμαστη;24;4
ΚΡΗΝΗ;Κρήνη,Κρηνιώ,Κρηνη,Κρηνιω;24;4
ΠΑΝΑΓΙΩΤΗΣ;Παναγιώτης,Πάνος,Πανούσος,Παναγής,Πανάγος,Γιώτης,Πανίκος,Τάκης,Παναγιώτα,Γιώτα,Παναγιούλα,Παναγούλα,Πάνη,Τότα,Τούλα,Πέγκυ;24;4
ΠΗΓΗ;Πηγή,Πηγούλα,Πηγίτσα,Πηγη,Πηγουλα,Πηγιτσα;24;4
ΠΟΛΥΖΩΗΣ;Πολυζώης,Πολυζωης;24;4
ΜΑΡΚΟΣ;Μάρκος,Μαρκής,Μαρκία,Μαρκούλης,Μαρκούλα,Μαρκος,Μαρκης,Μαρκια,Μαρκουλης,Μαρκουλα;25;4
ΝΙΚΗ;Νίκη,Νικη;25;4
ΓΛΑΦΥΡΑ;Γλαφύρα,Γλαφυρή,Γλαφυρούλα,Γλαφυρός,Γλαφυρα,Γλαφυρη,Γλαφυρουλα,Γλαφυρος;26;4
ΘΩΜΑΣ;Θωμάς,Θωμαή,Τόμας,Θωμας,Θωμαη,Τομας;26;4
δενυπάρχειμιαγιορτήπάραπολύγνωστή;;27;4
ΜΑΓΝΟΣ;Μάγνος,Μάγνα,Μαγνής,Μαγνος,Μαγνα,Μαγνης;28;4
ΙΑΣΩΝ;Ιάσων,Ιάσονας,Ιάσωνας,Ιασων,Ιασονας,Ιασωνας;29;4
ΚΕΡΚΥΡΑ;Κέρκυρα,Κερκύρα,Κερκυρα;29;4
ΣΩΣΙΠΑΤΡΟΣ;Σωσίπατρος,Σωπάτρα,Σώπατρος,Σωπατρία,Πάτρα,Πατρούλα,Πατρίτσα,Σωσιπατρος,Σωπατρα,Σωπατρος,Σωπατρια,Πατρα,Πατρουλα,Πατριτσα;29;4
ΑΡΓΥΡΩ;Αργυρή,Αργυρούλα,Ρούλα,Αργυρώ,Αργυρη,Αργυρουλα,Ρουλα,Αργυρω;30;4
ΑΣΗΜΑΚΗΣ;Ασημάκης,Ασημακης;30;4
ΑΣΗΜΙΝΑ;Ασημίνα,Ασημινα;30;4
ΔΟΝΑΤΟΣ;Δονάτος,Δονάτα,Ντονάτα,Ντονατέλα,Δονατος,Δονατα,Ντονατα,Ντονατελα;30;4
ΙΑΚΩΒΟΣ;Ιάκωβος,Ιακωβίνα,Ζακελίνα,Ιακωβος,Ιακωβινα,Ζακελινα;30;4
ΜΑΛΑΜΑΤΗ;Μαλαματή,Μάλα,Μαλαματένια,Ματίνα,Μαλαματη,Μαλα,Μαλαματενια,Ματινα;30;4
ΙΕΡΕΜΙΑΣ;Ιερεμίας,Ιερεμιας;1;5
ΙΣΙΔΩΡΑ;Ισιδώρα,Δώρα,Ισιδωρα,Δωρα;1;5
ΤΑΜΑΡΑ;Τάμαρα,Ταμάρα,Ταμαρα;1;5
ΦΙΛΟΣΟΦΟΣ;Φιλόσοφος,Φιλοσοφία,Φιλοσοφή,Σοφός,Σοφία,Σόφη,Φιλοσοφος,Φιλοσοφια,Φιλοσοφη,Σοφος,Σοφια,Σοφη;1;5
ΑΥΓΕΡΙΝΟΣ;Αυγερινός,Αυγέρης,Αυγίτης,Αυγέρας,Αυγέρου,Αυγερού,Αυγερινή,Αβα,Αυγερινος,Αυγερης,Αυγιτης,Αυγερας,Αυγερου,Αυγερινη;2;5
ΕΣΠΕΡΟΣ;Εσπερος,Εσπέρα,Εσπερία,Εσπερος,Εσπερα,Εσπερια;2;5
ΜΑΤΡΩΝΑ;Ματρώνα,Ματρόνα,Ματρωνα,Ματρονα;2;5
ΜΠΟΡΙΣ,ΜΠΟΡΙΣΟΣ;ΜΙΧΑΗΛ)(Μπόρις,Μπόρισος(Μιχαήλ),Μπορις,Μπορισος(Μιχαηλ);2;5
ΜΥΡΟΦΟΡΑ;Μυροφόρα,Μυροφορα;3;5
ΡΟΔΟΠΗ;Ροδόπη,Ροδώπη,Ροδωπη,Ροδοπη;3;5
ΜΕΛΙΑ;Μελής,Μέλος,Μέλιος,Μέλας,Μέλια,Μελίτσα,Μελης,Μελος,Μελιος,Μελας,Μελια,Μελιτσα;4;5
ΕΙΡΗΝΑΙΟΣ;Ειρηναίος,Ειρηναία,Ειρηναιος,Ειρηναια;5;5
ΕΙΡΗΝΗ;Ειρήνη,Ειρήνα,Ρένα,Ρήνα,Ρηνιώ,Ρηνούλα,Ειρήνγκω,Ρένια,Ειρηνη,Ειρηνα,Ρενα,Ρηνα,Ρηνιω,Ρηνουλα,Ειρηνγκω.Ρενια;5;5
ΕΥΦΡΑΙΜ;Ευφραίμ,Ευφραίμιος,Ευφραίμης,Ευφραιμάκης,Ευφραιμία,Ευφραιμίτσα,Ευφραιμ,Ευφραιμιος,Ευφραιμης,Ευφραιμακης,Ευφραιμια,Ευφραιμιτσα;5;5
ΕΦΡΑΙΜ;Εφραίμ,Εφραιμ;5;5
ΙΩΒ;Ιώβ,Ιωβία,Ιώβη,Ιωβ,Ιωβια,Ιωβη;6;5
ΣΕΡΑΦΕΙΜ;Σεραφείμ,Σεραφειμία,Σεραφείμα,Σεραφίνα,Σεραφειμή,Σεραφειμούλα,Σεραφειμ,Σεραφειμια,Σεραφειμα,Σεραφινα,Σεραφειμη,Σεραφειμουλα;6;5
δενυπάρχειμιαγιορτήπάραπολύγνωστή;;7;5
ΘΕΟΛΟΓΟΣ;Θεολόγος,Θεολόγης,Θολόγος,Θολόγης,Θολόης,Θεολογία,Θολογία,Θεολογος,Θεολογης,Θολογος,Θολογης,Θολοης,Θεολογια,Θολογια;8;5
ΜΗΛΙΟΣ;Μήλιος,Μήλης,Μηλιώ,Μηλιά,Μηλίτσα,Μηλιος,Μηλης,Μηλιω,Μηλια,Μηλιτσα;8;5
ΗΣΑΙΑΣ;Ησαΐας,Ησαΐα,Ησαΐτσα,Σίτσα,Ησαϊας,Ησαϊα,Ησαϊτσα,Σιτσα;9;5
ΧΡΙΣΤΟΦΟΡΟΣ;Χριστόφορος,Χριστοφόρης,Χριστοφόρα,Φόρης,Φόρα,Χριστόφης,Χριστοφία,Χριστοφίνα,Χριστοφίτσα,Χριστοφορος,Χριστοφορης,Χριστοφορα,Φορης,Φορα,Χριστοφης,Χριστοφια,Χριστοφινα,Χριστοφιτσα;9;5
ΒΗΘΕΣΔΑ;Βηθεσδά,Βερσεβέ,Βηθεσδα,Βερσεβε;10;5
ΗΜΕΡΑΤΗΣΜΗΤΕΡΑΣ;Ημέρατηςμητέρας,Ημερατηςμητερας;10;5
ΣΙΜΩΝΑΣ;Σίμωνας,Σίμων,Σίμος,Σιμώνα,Σιμόνα,Σιμωνία,Σιμώνη,Σιμωνίτσα,Σιμωνας,Σιμων,Σιμος,Σιμωνα,Σιμονα,Σιμωνια,Σιμωνη,Σιμωνιτσα;10;5
ΑΡΓΥΡΗΣ;Αργύρης,Αργυρός,Αργύριος,Αργυρος,Αργυριος,Αργυρης;11;5
ΑΡΜΟΔΙΟΣ;Αρμόδιος,Αρμοδιος;11;5
ΔΙΟΣΚΟΥΡΙΔΗΣ;Διοσκουρίδης,Διοσκορίδης,Διόσκορος,Διοσκουριδης,Διοσκοριδης,Διοσκορος;11;5
ΜΕΘΟΔΙΟΣ;Μεθόδιος,Μεθοδιος;11;5
ΟΛΥΜΠΙΑ;Ολυμπία,Ολυμπια;11;5
ΕΠΙΦΑΝΕΙΟΣ;Επιφάνειος,Επιφάνιος,Επιφανία,Επιφανειος,Επιφανιος,Επιφανια;12;5
ΘΕΟΔΩΡΟΣ;Θεόδωρος-ΠολιούχοςΚυθήρων,Θεοδώρα,Δώρα,Ντόρα,Θόδωρος,Θοδώρα,Θοδωρής,Θοδωράκης,Θώδης,Θώδος,Δώρης,Θεοδωρος-ΠολιουχοςΜυτιληνης,Θεοδωρα,Δωρα,Ντορα,Θοδωρος,Θοδωρα,Θοδωρος,Θοδωρης,Θοδωρακης,Θωδης,Θωδος,Δωρης;12;5
ΓΛΥΚΕΡΙΑ;Γλυκερία,Γλυκερή,Γλυκέρω,Γλυκερίτσα,Γλυκερια,Γλυκερη,Γλυκερω,Γλυκεριτσα;13;5
ΑΡΙΣΤΟΤΕΛΗΣ;Αριστοτέλης,Τέλης,Αριστοτελης,Τελης;14;5
ΘΕΡΑΠΩΝ;Θεράπων,Θεραπων;14;5
ΙΣΙΔΩΡΟΣ;Ισίδωρος,Σιδέρης,Ισιδωρος,Σιδερης;14;5
ΑΧΙΛΛΙΟΣ;Αχίλιος,Αχίλλιος,Αχίλειος,Αχίλλειος,Αχιλιος,Αχιλλιος,Αχιλειος,Αχιλλειος;15;5
ΚΑΛΗ;Κάλη,Καλή,Καλη;15;5
ΠΑΧΩΜΙΟΣ;Παχώμιος,Παχούμιος,Πάχος,Παχωμιος,Παχουμιος,Παχος;15;5
δενυπάρχειμιαγιορτήπάραπολύγνωστή;;16;5
ΑΝΔΡΟΝΙΚΟΣ;Ανδρόνικος,Ανδρονίκη,Ανδρονικος,Ανδρονικη;17;5
ΙΟΥΝΙΑ;Ιουνία,Γιουνία,Ιουνια,Γιουνια;17;5
ΣΟΛΩΝ;Σόλων,Σόλωνας,Σολόχων,Σολων,Σολωνας,Σολοχων;17;5
ΓΑΛΑΤΕΙΑ;Γαλάτεια,Γαλατία,Γαλατεια,Γαλατια;18;5
ΙΟΥΛΙΑ;Ιουλία,Ιουλίτσα,Γιουλία,Γιούλα,Γιουλίτσα,Ιούλιος,Τζούλια,Ιουλια,Ιουλιτσα,Γιουλια,Γιουλα,Γιουλιτσα,Ιουλιος,Τζουλια;18;5
ΦΑΕΙΝΗ;Φαεινή,Φαεινός,Φαεινη,Φαεινος;18;5
ΘΕΟΓΝΩΣΤΟΣ;Θεόγνωστος,Θεογνώστης,Θεογνωσία,Θεογνώσιος,Θεογνωστος,Θεογνωστης,Θεογνωσια,Θεογνωσιος;19;5
ΘΕΟΚΤΙΣΤΟΣ;Θεόκτιστος,Θεοκτιστος;19;5
ΜΑΓΔΑΛΗΝΗ;Μαγδαληνή,Μάγδα,Μαγδούλα,Μαγδαλένα,Μαγδαλένια,Μαγδαλή,Μαγδάλω,Μαγδαληνη,Μαγδα,Μαγδουλα,Μαγδαλενα,Μαγδαλενια,Μαγδαλη,Μαγδαλω;19;5
ΜΑΡΙΛΕΝΑ;Μαριλένα,Μαριλενα;19;5
ΜΕΝΑΝΔΡΟΣ;Μένανδρος,Μενανδρος;19;5
ΜΝΗΜΗΤΗΣΓΕΝΟΚΤΟΝΙΑΣΤΩΝΠΟΝΤΙΩΝ;ΜνήμητηςΓενοκτονίαςτωνΠοντίων;19;5
ΠΑΤΡΙΚΙΟΣ;Πατρίκιος,Πάτρικ,Πατρίκος,Πατρίκης,Πατρίτσιος,Πατρίτσης,Πατρικία,Πατρίκα,Πατριτσία,Πατρίτσα,Πατρικιος,Πατρικ,Πατρικος,Πατρικης,Πατριτσιος,Πατριτσης,Πατρικια,Πατρικα,Πατριτσια,Πατριτσα;19;5
ΛΗΔΑ;Λήδα,Λύδα,Ληδα,Λυδα;20;5
ΛΗΤΩ;Λητώ,Λητω;20;5
ΛΥΔΙΑ;Λυδία,Λυδια;20;5
ΕΛΕΝΗ;Ελένη,Ελενα,Ελεάννα,Ελεάνα,Λένα,Ελενιώ,Ελενίτσα,Λενίτσα,Λένγκω,Λενιώ,Ελεωνόρα,Ελεονόρα,Ελεονώρα,Νόρα,Μαριλένα,Ελενη,Ελεαννα,Ελεανα,Λενα,Ελενιω,Ελενιτσα,Λενιτσα,Λενγκω,Λενιω,Ελεωνορα,Ελεονορα,Ελεονωρα,Νορα,Μαριλενα;21;5
ΚΩΝΣΤΑΝΤΙΝΑ;Κωνσταντίνα,Κωσταντίνα,Κωστούλα,Ντίνα,Τίνα,Κωνσταντινα,Κωσταντινα,Κωστουλα,Ντινα,Τινα;21;5
ΚΩΝΣΤΑΝΤΙΝΟΣ;Κωνσταντίνος,Κωσταντίνος,Κων/νος,Κων/τίνος,Κώστας,Κωστής,Κώτσος,Κώτσαρης,Κωστάκης,Κωτσάκης,Κωστάρας,Κωστάλας,Κωνσταντινος,Κωσταντινος,Κων/τινος,Κωστας,Κωστης,Κωτσος,Κωτσαρης,Κωστακης,Κωτσακης,Κωσταρας,Κωσταλας;21;5
ΝΑΝΤΙΑ;Νάντια,Ναντια;21;5
ΑΙΜΙΛΙΟΣ;Αιμίλιος,Αιμιλία,Εμυ,Εμιλία,Εμιλυ,Εμμα,Μίλιος,Μίλια,Αιμιλιος,Αιμιλια,Εμιλια,Μιλιος,Μιλια;22;5
ΚΟΔΡΟΣ;Κόδρος,Κόδρα,Κοδρος,Κοδρα;22;5
δενυπάρχειμιαγιορτήπάραπολύγνωστή;;23;5
ΜΑΡΚΙΑΝΗ;Μαρκιανή,Μαρκιάνα,Μαρκιανη,Μαρκιανα;24;5
ΠΑΛΛΑΔΙΑ;Παλλαδία,Παλαδία,Παλλάδα,Παλάδα,Παλλαδια,Παλαδια,Παλλαδα,Παλαδα;24;5
ΦΩΤΕΙΝΗ;Φωτεινή,Φώτω,Φώφη,Φωτούλα,Φαίη,Φωφώ,Φωτεινη,Φωτω,Φωφη,Φωτουλα,Φαιη,Φωφω;24;5
ΧΡΙΣΤΙΑΝΟΣ;Χριστιανός,Χριστιανή,Χριστιανος,Χριστιανη;24;5
δενυπάρχειμιαγιορτήπάραπολύγνωστή;;25;5
ΑΛΦΑΙΟΣ;Αλφαίος,Αλφαιος;26;5
ΚΑΡΠΟΣ;Καρπός,Καρπος;26;5
ΣΥΝΕΣΙΟΣ;Συνέσιος,Συνέσης,Συνεσία,Συνεσιος,Συνεσης,Συνεσια;26;5
ΑΛΥΠΙΟΣ;Αλύπιος,Αλυπία,Αλυπιος,Αλυπια;27;5
ΙΩΑΝΝΗΣΟΡΩΣΣΟΣ;ΙωάννηςοΡώσσος,ΙωαννηςοΡωσσος;27;5
ΔΗΜΗΤΡΗΣ;Δημήτριος,Δημήτρης,Μήτρος,Δημητριος,Δημητρης,Μητρος;28;5
ΔΙΟΣΚΟΥΡΙΔΗΣ;Διοσκουρίδης,Διοσκουριδης;28;5
ΝΕΦΕΛΗ;Νεφέλη,Νεφελη;28;5
ΘΕΟΔΟΣΙΑ;Θεοδοσία,Θεοδόσω,Θεοδοσια,Θεοδοσω;29;5
ΜΝΗΜΗΤΗΣΑΛΩΣΗΤΗΣΚΩΝΣΤΑΝΤΙΝΟΥΠΟΛΗΣΑΠΟΤΟΥΣΤΟΥΡΚΟΥΣΤΟ1453;ΜνήμητηςΑλωσηςτηςΚωνσταντινούποληςαποτουςΤούρκουςτο1453;29;5
ΟΛΙΒΙΑΝΟΣ;Ολιβιανός,Ολβιανός,Ολιβία,Ολίβια,Ολιβιανος,Ολβιανος,Ολιβια,Ολιβια;29;5
ΥΠΟΜΟΝΗ;Υπομονή,Υπομονη;29;5
ΕΜΜΕΛΕΙΑ;Εμμέλεια,Εμμελεια,Εμυ,Αμυ;30;5
ΕΡΜΕΙΑΣ;Ερμείας,Ερμεία,Ερμειάς,Ερμειας,Ερμειας;31;5
ΜΑΓΟΣ;Μάγος,Μάγια,Μαγος,Μαγια;31;5
ΓΕΡΑΚΙΝΑ;Γεράκης,Γερακίνα,Γερακης,Γερακινα;1;6
ΕΥΕΛΠΙΣΤΟΣ;Ευέλπιστος,Ευελπίστη,Ευελπιστος,Ευελπιστη;1;6
ΘΕΣΠΕΣΙΟΣ;Θεσπέσιος,Θεσπέσης,Θεσπέσια,Θεσπεσιος,Θεσπεσης,Θεσπεσια;1;6
ΙΕΡΑΞ;Ιέραξ,Ιέρακας,Γέρακας,Ιεραξ,Ιερακας,Γερακας;1;6
ΙΟΥΣΤΙΝΟΣ;Ιουστίνος,Ιουστινος;1;6
ΠΥΡΡΟΣ;Πύρρος,Πύρος,Πύρρα,Πύρα,Πυρρος,Πυρος,Πυρρα,Πυρα;1;6
ΜΑΡΙΝΟΣ;Μαρίνος,Μαρινος;2;6
ΝΙΚΗΦΟΡΟΣ;Νικηφόρος,Νικηφορία,Νικηφόρα,Νίκη,Νικηφορος,Νικηφορια,Νικηφορα,Νικη;2;6
ΙΕΡΙΑ;Ιερία,Ιέρεια,Ιερια,Ιερεια;3;6
ΥΠΑΤΙΑ;Υπατία,Υπατή,Υπατούλα,Πατούλα,Υπατια,Υπατη,Υπατουλα,Πατουλα;3;6
ΜΑΡΘΑ;Μάρθα,Μαρθα;4;6
ΑΠΟΛΛΩΝ;Απόλλων,Απολλων;5;6
ΔΩΡΟΘΕΟΣ;Δωρόθεος,Δωροθέα,Δωροθέη,Δωρούλα,Δώρα,Δωροθεος,Δωροθεα,Δωροθεη,Δωρουλα,Δωρα;5;6
ΝΙΚΑΝΔΡΟΣ;Νίκανδρος,Νικανδρία,Νίκη,Νικανδρος,Νικανδρια,Νικη;5;6
ΠΛΟΥΤΑΡΧΟΣ;Πλούταρχος,Πλουταρχος;5;6
ΣΕΛΗΝΗ;Σεληνιάς,Σεληνιάδα,Σεληνία,Σελήνη,Σελήνα,Σελήνος,Σελήνιος,Σεληνιας,Σεληνιαδα,Σεληνια,Σεληνη,Σεληνα,Σεληνος,Σεληνιος;5;6
ΙΛΑΡΙΩΝ;Ιλαρίων,Ιλαρίωνας,Ιλαρία,Ιλαριάδα,Λαριάδα,Ιλαριων,Ιλαριωνας,Ιλαρια,Ιλαριαδα,Λαριαδα;6;6
ΨΥΧΟΣΑΒΒΑΤΟ;Ψυχοσάββατο;6;6
ΖΗΝΑΪΣ;Ζηναΐς,Ζηναΐδα,Ζηναϊς,Ζηναϊδα;7;6
ΠΑΝΑΓΗΣ;Παναγής,Πανάγος,Παναγης,Παναγος;7;6
ΣΕΒΑΣΤΙΑΝΗ;Σεβαστιανή,Σεβαστίνα,Σεβαστιάνα,Σεβαστή,Σέβη,Σεβούλα,Σεβαστούλα,Σεβαστιανη,Σεβαστινα,Σεβαστιανα,Σεβαστη,Σεβη,Σεβουλα,Σεβαστουλα;7;6
ΠΕΝΤΗΚΟΣΤΗΣ;Πεντηκοστή;7;6
ΚΑΛΛΙΟΠΗ;Καλλιόπη,Καλλιοπία,Πόπη,Καλλιοπη,Καλλιοπια,Ποπη;8;6
ΚΟΡΕΝΝΑ;Κορέννα,Κορεννα;8;6
ΚΟΡΗ;Κόρη,Κορη;8;6
ΚΟΡΙΝΑ;Κορίνα,Κορινα;8;6
ΚΟΡΙΝΟΣ;Κορίνος,Κορινος;8;6
ΝΑΥΚΡΑΤΗΣ;Ναυκράτιος,Ναυκράτης,Ναυκρατιος,Ναυκρατης;8;6
ΤΟΥΑΓΙΟΥΠΝΕΥΜΑΤΟΣ;ΑγίουΠνεύματος,ΑγιουΠνευματος;8;6
ΤΡΙΑΔΑ;Τριάδα,Τριάς,Τριαδα,Τριας;8;6
ΡΟΔΑΝΘΗ;Ροδάνθη,Ροζάνθη,Ροδανθη,Ροζανθη;9;6
δενυπάρχειμιαγιορτήπάραπολύγνωστή;;10;6
ΒΑΡΘΟΛΟΜΑΙΟΣ;Βαρθολομαίος,Βαρθολομαιος;11;6
ΒΑΡΝΑΒΑΣ;Βαρνάβας,Βαρναβας;11;6
ΖΑΦΕΙΡΙΟΣ;Ζαφείριος,Ζαφείρης,Ζαφειριος,Ζαφειρης,Ζαφείρω,Ζαφειρία,Ζαφειρω,Ζαφειρια;11;6
ΛΟΥΚΑΣΣυμφερουπολεως;Λουκάς,Λουκία,Λουκίτσα,Λουκας,Λουκια,Λουκιτσα;11;6
ΟΝΟΥΦΡΙΟΣ;Ονούφριος,Ονούφρης,Ονουφρία,Ονουφριος,Ονουφρης,Ονουφρια;12;6
ΤΡΙΦΥΛΛΙΟΣ;Τριφύλλιος,Τριφύλιος,Τριφυλλιος,Τριφυλιος;13;6
ΕΛΙΣΣΑΙΟΣ;Ελισσαίος,Ελισσώ,Ελισώ,Ελισσαιος,Ελισσω,Ελισω;14;6
ΝΗΦΩΝ;Νήφων,Νηφων;14;6
ΤΩΝΑΓΙΩΝΠΑΝΤΩΝ;ΑγίωνΠάντων,ΑγιοιΠάντες,ΑγιωνΠαντων,ΑγιοιΠαντες;14;6
ΑΥΓΟΥΣΤΑ;Αυγούστα,Αυγουστία,Αυγουστίνα,Αυγουστα,Αυγουστια,Αυγουστινα;15;6
ΑΥΓΟΥΣΤΙΝΟΣ;Αυγουστίνος,Αύγουστος,Αυγουστής,Αυγουστινος,Αυγουστος,Αυγουστης;15;6
ΙΕΡΩΝΥΜΟΣ;Ιερώνυμος,Γερώνυμος,Ιερονύμη,Ιερωνυμος,Γερωνυμος,Ιερονυμη;15;6
ΛΙΒΥΗ;Λιβύη,Λίβιος,Λίβας,Λιβυη,Λιβιος,Λιβας;15;6
ΜΟΝΙΚΑ;Μόνικα,Μόνα,Μονικα,Μονα;15;6
ΟΡΤΑΝΣΙΑ;Ορτίσιος,Ορτίσης,Ορτίσια,Ορτανσία,Ορτισιος,Ορτισης,Ορτισια,Ορτανσια;15;6
ΤΙΧΩΝ;Τίχων,Τύχων,Τιχων,Τυχων;16;6
ΙΣΜΑΗΛ;Ισμαήλ,Ισμαήλης,Ισμαήλος,Σμαήλης,Σμαήλος,Μαήλης,Μαήλος,Ισμαηλ,Ισμαηλης,Ισμαηλος,Σμαηλης,Σμαηλος,Μαηλης,Μαηλος;17;6
ΦΙΛΗΞ;Φίληξ,Φήλιξ,Φίληκας,Φίληξα,Φιλήκη,Φιληξ,Φηλιξ,Φιληκας,Φιληξα,Φιληκη;17;6
ΕΡΑΣΜΟΣ;Ερασμος;18;6
ΛΕΟΝΤΙΟΣ;Λεόντιος,Λεοντία,Λεοντίνα,Λεοντίτσα,Λεοντιος,Λεοντια,Λεοντινα,Λεοντιτσα;18;6
ΖΩΣΙΜΟΣ;Ζώσιμος,Ζωσής,Ζώσα,Ζήσιμος,Ζήσης,Ζωσιμαίος,Ζωσιμαία,Ζωσιμος,Ζωσης,Ζωσα,Ζησιμος,Ζησης,Ζωσιμαιος,Ζωσιμαια;19;6
ΠΑΪΣΙΟΣ;Παΐσιος,Παΐσης,Παϊσία,Παϊσιος,Παϊσης,Παϊσια;19;6
ΚΑΛΛΙΣΤΟΣ;Κάλλιστος,Κάλιστος,Καλλιστος,Καλιστος;20;6
ΜΕΘΟΔΙΟΣ;Μεθόδιος,Μεθοδιος;20;6
ΑΦΡΟΔΙΣΙΟΣ;Αφροδίσιος,Αφροδισία,Αφροδισιος,Αφροδισια;21;6
ΗΜΕΡΑΤΟΥΠΑΤΕΡΑ;Ημέρατουπατέρα,Ημερατουπατερα;21;6
ΕΥΣΕΒΙΟΣ;Ευσέβιος,Ευσεβής,Ευσεβεία,Σέβη,Ευσεβούλα,Σεβούλα,Ευσεβιος,Ευσεβης,Ευσεβεια,Σεβη,Ευσεβουλα,Σεβουλα;22;6
ΖΗΝΑΣ;Ζηνάς,Ζένας,Ζένος,Ζήνα,Ζένα,Ζένια,Ζηνας,Ζενας,Ζενος,Ζηνα,Ζενα,Ζενια;22;6
ΑΓΡΙΠΠΙΝΑ;Αγριππίνα,Αγριππινα;23;6
ΑΡΙΣΤΟΚΛΗΣ;Αριστοκλής,Αριστοκλέας,Αριστόκλεος,Αριστοκλης,Αριστοκλεας,Αριστοκλεος;23;6
ΛΟΥΛΟΥ;Λούλου,Λούλης,Λούλα,Λουλου,Λουλης,Λουλα;23;6
ΓΕΝΝΗΣΗΑΓΙΟΥΙΩΑΝΝΗ;ΓέννησηΑγίουΙωάννηΒαπτιστή,ΓεννησηΑγιουΙωαννηΒαπτιστη;24;6
ΠΑΝΑΓΙΩΤΗΣ;Παναγιώτης,Πάνος,Πανούσος,Παναγής,Πανάγος,Γιώτης,Πανίκος,Τάκης,Παναγιώτα,Γιώτα,Παναγιούλα,Παναγούλα,Πάνη,Τότα,Τούλα,Πέγκυ;24;6
ΕΡΩΤΑΣ;Ερως,Ερωτας;25;6
ΦΕΒΡΩΝΙΑ;Φεβρωνία,Φευρωνία,Φεύρω,Φέβρω,Φέβρα,Φεύρα,Φεβρούλα,Φευρούλα,Φευρωνίτσα,Φεβρωνίτσα,Φευρωνια,Φεβρωνια,Φευρω,Φεβρω,Φεβρα,Φευρα,Φεβρουλα,Φευρουλα,Φευρωνιτσα,Φεβρωνιτσα;25;6
ΔΑΒΙΔ;Δαβίδ,Δαυίδ,Δαβιδ,Δαυιδ;26;6
ΜΑΚΑΡΙΟΣ;Μακάριος,Μακαριος;26;6
ΠΙΕΡΗΣ;Πιερής,Πιέρος,Πιέριος,Πιέρης,Πιερία,Πιέρα,Πιερίων,Πιερης,Πιερος,Πιεριος,Πιερης,Πιερια,Πιερα,Πιεριων;27;6
ΑΝΑΡΓΥΡΟΣ;Ανάργυρος,Ανάργυρη,Αναργυρούλα,Αναργυρος,Αναργυρη,Αναργυρουλα;28;6
ΓΕΡΜΑΝΟΣ;Γερμανός,Γερμανος;28;6
ΠΑΥΛΟΣ;Παύλος,Παυλίνα,Πώλ,Παυλίκος,Πουλίκος,Παυλος,Παυλινα,Πωλ,Παυλικος,Πουλικος;29;6
ΠΕΤΡΟΣ;Πέτρος,Πετρής,Πετράς,Πετράκης,Πετρουλάς,Πετρίνος,Πετρία,Πετρίνα,Πέτρα,Πετρούλα,Πετρος,Πετρης,Πετρας,Πετρακης,Πετρουλας,Πετρινος,Πετρια,Πετρινα,Πετρα,Πετρουλα;29;6
ΑΠΟΣΤΟΛΟΣ;Απόστολος,Αποστόλης,Τόλης,Αποστολία,Λία,Αποστολίνα,Πολίνα,Αποστολος,Αποστολης,Τολης,Αποστολια,Λια,Αποστολινα,Πολινα;30;6
ΜΕΛΙΤΩΝ;Μελίτων,Μελίτωνας,Μελίτος,Μελίτης,Μελιτων,Μελιτωνας,Μελιτος,Μελιτης;30;6
ΑΝΑΡΓΥΡΟΣ;Ανάργυρος,Ανάργυρη,Αναργυρούλα,Αναργυρος,Αναργυρη,Αναργυρουλα;1;7
ΔΑΜΙΑΝΟΣ;Δαμιανός,Δαμιανή,Δαμιανος,Δαμιανη;1;7
ΚΟΣΜΑΣ;Κοσμάς,Κοσμας;1;7
ΜΑΥΡΙΚΙΟΣ;Μαυρίκιος,Μαυρίκης,Μαυρικία,Μαυρίκα,Μωρίς,Μαυρικιος,Μαυρικης,Μαυρικια,Μαυρικα,Μωρις;1;7
δενυπάρχειμιαγιορτήπάραπολύγνωστή;;2;7
ΑΝΑΤΟΛΙΟΣ;Ανατόλιος,Ανατολιος;3;7
ΖΟΥΜΠΟΥΛΙΑ;Ζουμπουλιά,Ζουμπουλια;3;7
ΥΑΚΙΝΘΟΣ;Υάκινθος,Υακίνθη,Υάνθη,Ιάνθη,Υακινθος,Υακινθη,Υανθη,Ιανθη;3;7
δενυπάρχειμιαγιορτήπάραπολύγνωστή;;4;7
ΛΑΜΠΑΔΟΣ;Λαμπαδός,Λαμπαδία,Λαμπαδίνα,Λαμπαδή,Λαμπαδος,Λαμπαδια,Λαμπαδινα,Λαμπαδη;5;7
ΛΥΚΙΟΣ;Λυκίας,Λυκία,Λύκιος,Λυκιας,Λυκια,Λυκιος;6;7
ΣΑΤΥΡΟΣ;Σάτυρος,Σάτος,Σατυρος,Σατος;6;7
ΚΥΡΙΑΚΗ;Κυριακή,Κυριάκος,Κική,Κίκα,Κικίτσα,Κίτσα,Κορίνα,Σάντυ,Κίτσος,Ντομένικα,Ρία,Ύρια,Ια,Κυριακη,Κυριάκος,Κικη,Κικα,Κικιτσα,Κιτσα,Κορινα,Σαντυ,Κιτσος,Ντομενικα,Ρια,Υρια;7;7
ΘΕΟΦΙΛΟΣ;Θεόφιλος,Θεοφίλη,Θεοφίλης,Θεοφιλίτσα,Φιλιώ,Θεοφιλος,Θεοφιλη,Θεοφιλης,Θεοφιλιτσα,Φιλιω;8;7
ΠΡΟΚΟΠΗΣ;Προκόπιος,Προκόπης,Προκοπία,Προκοπή,Προκοπιος,Προκοπης,Προκοπια,Προκοπη;8;7
ΠΑΓΚΡΑΤΙΟΣ;Παγκράτιος,Παγκρατία,Παγκρατιος,Παγκρατια;9;7
ΑΜΑΛΙΑ;Αμαλία,Αμελί,Αμαλια,Αμελι;10;7
ΕΥΦΗΜΙΑ;Ευφημία,Εύφη,Εύφημη,Εύφημος,Ευφημούλα,Ευφούλα,Φούλα,Ευφημια,Ευφη,Ευφημη,Ευφημος,Ευφημουλα,Ευφουλα,Φουλα;11;7
ΟΛΓΑ;Ολγα,Ολγίτσα,Γίτσα,Ολγιτσα,Γιτσα;11;7
ΒΕΡΕΝΙΚΗ;Βερενίκη,Βερενικη;12;7
ΒΕΡΟΝΙΚΗ;Βερονίκη,Βερόνικα,Βερούλα,Βέρα,Βερονικη,Βερονικα,Βερουλα,Βερα;12;7
ΗΛΙΟΦΩΤΟΣ;Ηλιόφωτος,Ηλιοφωτος;13;7
ΣΑΡΑ;Σάρα,Σάρρα,Σαρα,Σαρρα;13;7
ΑΚΥΛΑΣ;Ακύλας,Ακυλας;14;7
ΝΙΚΟΔΗΜΟΣ;Νικόδημος,Νικοδήμη,Δήμος,Δήμη,Νικοδημος,Νικοδημη,Δημος,Δημη;14;7
ΒΛΑΔΙΜΗΡΟΣ;Βλαδίμηρος,Βλαντίμηρος,Βλαδιμηρος,Βλαντιμηρος;15;7
ΙΟΥΛΙΤΤΑ;Ιουλίττα,Ιουλίτα,Ιουλίττη,Ιουλίτη,Γιουλίττα,Γιουλίτα,Γιουλίττη,Γιουλίτη,Ιουλιττα,Ιουλιτα,Ιουλιττη,Ιουλιτη,Γιουλιττα,Γιουλιτα,Γιουλιττη,Γιουλιτη;15;7
ΚΗΡΥΚΟΣ;Κήρυκος,Κηρυκος;15;7
δενυπάρχειμιαγιορτήπάραπολύγνωστή;;16;7
ΑΛΕΞΑΝΔΡΑ;Αλεξάνδρα,Αλεξάντρα,Αλέκα,Αλεξανδρα,Αλεξαντρα,Αλεκα;17;7
ΑΛΙΚΗ;Αλίκη,Αλικη;17;7
ΜΑΡΙΝΑ;Μαρίνα,Μαρίνος,Μαρινα,Μαρινος;17;7
ΑΙΜΙΛΙΑΝΟΣ;Αιμιλιανός,Αιμιλιανή,Αιμιλιανος,Αιμιλιανη;18;7
ΓΑΡΥΦΑΛΛΙΑ;Γαρυφαλλιά,Γαριφαλιά,Γαρυφαλλια,Γαριφαλια;19;7
ΔΙΟΣ;Διός,Δίας,Διος,Διας;19;7
ΜΑΚΡΙΝΑ;Μακρίνα,Μακρινα;19;7
ΗΛΙΑΣ;Ηλίας,Λιάς,Ηλιάκος,Λιάκος,Λίτσος,Λιάκουρας,Ηλιάνα,Λιάνα,Ηλιας,Λιας,Ηλιακος,Λιακος,Λιτσος,Λιακουρας,Ηλιανα,Λιανα;20;7
δενυπάρχειμιαγιορτήπάραπολύγνωστή;;21;7
ΜΑΓΔΑΛΗΝΗ;Μαγδαληνή,Μάγδα,Μαγδούλα,Μαγδαλένα,Μαγδαλένια,Μαγδαλή,Μαγδάλω,Μαγδαληνη,Μαγδα,Μαγδουλα,Μαγδαλενα,Μαγδαλενια,Μαγδαλη,Μαγδαλω;22;7
ΜΑΡΙΛΕΝΑ;Μαριλένα,Μαριλενα;22;7
ΜΑΡΚΕΛΛΑ;Μαρκέλλα,Μαρκέλα,Μαρκελλή,Μαρκελή,Μαρκελλα,Μαρκελα,Μαρκελλη,Μαρκελη;22;7
ΜΕΝΕΛΑΟΣ;Μενέλαος,Μενελαος;22;7
δενυπάρχειμιαγιορτήπάραπολύγνωστή;;23;7
ΑΘΗΝΑΓΟΡΑΣ;Αθηναγόρας,Αθηναγορας;24;7
ΜΠΟΡΙΣ,ΜΠΟΡΙΣΟΣ(ΡΩΜΑΝΟΣ);Μπόρις,Μπόρισος(Ρωμανός),Μπορις,Μπορισος(Ρωμανος);24;7
ΧΡΙΣΤΙΝΑ;Χριστίνα,Χριστιάνα,Κριστιάνα,Χρίστα,Κρίστα,Χρίστη,Κρίστη,Χριστινα,Χριστιανα,Κριστιανα,Χριστα,Κριστα,Χριστη,Κριστη;24;7
ΑΝΑΙΣ;Αναίς,Αναις;25;7
ΑΝΝΑ;Αννα,Αννούλα,Αννίτα,Ανίτα,Ανέτα,Αννέτα,Ανναμπέλλα,Ανναμαρία,Αννουλα,Αννιτα,Ανιτα,Ανετα,Αννετα,Ανναμπελλα,Ανναμαρια;25;7
ΕΥΠΡΑΞΙΑ;Ευπραξία,Ευπραξούλα,Πραξούλα,Ευπράξιος,Εύπραξος,Ευπραξια,Ευπραξουλα,Πραξουλα,Ευπραξιος,Ευπραξος;25;7
ΟΛΥΜΠΙΑΣ;Ολυμπιάς,Ολυμπιάδα,Ολυμπία,Ολύμπω,Ολύμπη,Ολια,Ολυμπούλα,Ολυμπιας,Ολυμπιαδα,Ολυμπια,Ολυμπω,Ολυμπη,Ολια,Ολυμπουλα;25;7
ΕΡΜΟΛΑΟΣ;Ερμόλαος,Ερμολία,Λία,Ερμολαος,Ερμολια,Λια;26;7
ΕΡΣΗ;Ερση;26;7
ΠΑΡΑΣΚΕΥΗ;Παρασκευή,Εύη,Εβίτα,Βιβή,Βίβιαν,Βέτη,Βέττη,Παρασκευούλα,Βούλα,Παρασκευάς,Πάρης,Πάρις,Παρασκευη,Ευη,Εβιτα,Βιβη,Βιβιαν,Βετη,Βεττη,Παρασκευουλα,Βουλα,Παρασκευας,Παρης,Παρις;26;7
ΩΡΑΙΟΖΗΛΗ;Ωραιοζήλη,Ωραιοζηλία,Ζήλια,Ζήλη,Ζέλια,Ωραιοζηλη,Ωραιοζηλια,Ζηλια,Ζηλη,Ζελια;26;7
ΠΑΝΤΕΛΗΣ;Παντελεήμων,Παντελεήμονας,Παντελής,Παντελάκης,Παντέλος,Παντελίτσα,Παντελίνα,Παντελεούσα,Παντελεημων,Παντελεημονας,Παντελης,Παντελακης,Παντελος,Παντελιτσα,Παντελινα,Παντελεουσα;27;7
ΑΚΑΚΙΟΣ;Ακάκιος,Κάχι,Κάκι,Ακακιος,Καχι,Κακι;28;7
ΑΥΞΕΝΤΙΟΣ;Αυξέντιος,Αυξέντης,Αυξεντία,Αυξεντούλα,Αυξεντιος,Αυξεντης,Αυξεντια,Αυξεντουλα;28;7
ΔΡΟΣΟΣ;Δρόσος,Δροσος;28;7
ΔΡΟΣΟΥΛΑ;Δροσίς,Δροσίδα,Δροσούλα,Δροσία,Δρόσω,Δροσοσταλία,Δροσοσταλίδα,Δροσις,Δροσιδα,Δροσουλα,Δροσια,Δροσω,Δροσοσταλια,Δροσοσταλιδα;28;7
ΕΙΡΗΝΗΧΡΥΣΟΒΑΛΑΝΤΟΥ;Ειρήνη,Ειρήνα,Ρένα,Ρήνα,Ρηνιώ,Ρηνούλα,Ειρήνγκω,Ειρηνη,Ειρηνα,Ρενα,Ρηνα,Ρηνιω,Ρηνουλα,Ειρηνγκω;28;7
ΤΙΜΩΝ;Τίμων,Τιμόνα,Τιμόνη,Τίμος,Τίμα,Τιμων,Τιμονα,Τιμονη,Τιμος,Τιμα;28;7
ΧΡΥΣΟΒΑΛΑΝΤΗΣ;Χρυσοβαλάντου,Χρυσοβαλαντία,Βαλάντα,Βαλάντης,Χρυσοβαλάντης,Χρυσοβαλάντος,Βαλάντος,Χρυσοβαλαντου,Χρυσοβαλαντια,Βαλαντα,Βαλαντης,Χρυσοβαλαντης,Χρυσοβαλαντος,Βαλαντος;28;7
ΘΕΟΔΟΤΗ;Θεόδοτος,Θεοδότης,Θεοδότη,Θεοδοτος,Θεοδοτης,Θεοδοτη;29;7
ΚΑΛΛΙΝΙΚΟΣ;Καλλίνικος,Καλλινίκης,Καλλινικος,Καλλινικης;29;7
ΑΝΔΡΟΝΙΚΟΣ;Ανδρόνικος,Ανδρονίκη,Ανδρονικος,Ανδρονικη;30;7
ΣΙΛΟΥΑΝΟΣ;Σιλουανός,Σιλουανή,Σιλουάνα,Σιλουάνια,Σιλουανος,Σιλουανη,Σιλουανα,Σιλουανια;30;7
ΕΥΔΟΚΙΜΟΣ;Ευδόκιμος,Ευδόκιμη,Ευδοκιμος,Ευδοκιμη;31;7
ΙΩΣΗΦ;Ιωσήφ,Σήφης,Ιωσηφίνα,Ζοζεφίνα,Ιωσηφ,Σηφης,Ιωσηφινα,Ζοζεφινα;31;7
ΦΡΕΙΔΕΡΙΚΗ;Φρειδερίκη,Φρειδερικη;31;7
ΦΡΕΙΔΕΡΙΚΟΣ;Φρειδερίκος,Φρειδερικος;31;7
ΕΛΕΣΑ;Ελέσα,Ελέσσα,Ελεσα,Ελεσσα;1;8
ΕΥΚΛΕΟΣ;Εύκλεος,Ευκλεή,Ευκλέα,Ευκλεος,Ευκλεη,Ευκλεα;1;8
ΜΑΡΚΕΛΟΣ;Μάρκελος,Μαρκελος;1;8
ΣΟΛΟΜΟΝΗ;Σολομονή,Σολομονη;1;8
ΙΟΥΣΤΙΝΙΑΝΟΣ;Ιουστινιανός,Ιουστινιανος;2;8
ΟΛΥΜΠΙΟΣ;Ολύμπιος,Ολυμπιος;3;8
ΣΑΛΩΜΗ;Σαλώμη,Σαλώμα,Σαλωμη,Σαλωμα;3;8
ΒΙΟΛΕΤΑ;Βιολέτα,Βιολέττα,Βιολετα,Βιολεττα;4;8
ΕΞΑΚΟΥΣΤΩΔΙΑΝΟΣ;Εξακουστοδιανός,Εξακουστωδιανός,Εξακουστός,Ξακουστός,Ξακουστή,Εξακουστοδιανος,Εξακουστωδιανος,Εξακουστος,Ξακουστος,Ξακουστη;4;8
ΜΑΞΙΜΙΛΙΑΝΟΣ;Μαξιμιλιανός,Μαξιμιλιανος;4;8
ΝΟΝΝΑ;Νόννα,Νόνα,Νοννα,Νονα;5;8
ΕΥΜΟΡΦΙΑ;Ευμορφία,Εμμυ,Ευμορφια;6;8
ΜΟΡΦΟΥΛΑ;Μορφούλα,Μορφουλα;6;8
ΣΩΤΗΡΗΣ;Σωτήριος,Σωτήρης,Σώτος,Σωτηράκης,Σωτηρία,Σωτήρω,Σωτηριος,Σωτηρης,Σωτος,Σωτηρακης,Σωτηρια,Σωτηρω;6;8
ΑΣΤΕΡΙΟΣ;Αστέριος,Αστέρης,Αστρης,Αστεριος,Αστερης;7;8
ΑΣΤΕΡΩ;Αστέρω,Αστερία,Αστρούλα,Αστερω,Αστερια,Αστρουλα;7;8
ΑΣΤΡΙΝΗ;Αστρινή,Αστερινή,Αστρινός,Αστερινός,Αστρινη,Αστερινη,Αστρινος,Αστερινος;7;8
ΝΙΚΑΝΩΡ;Νικάνωρ,Νικάνορας,Νικανωρ,Νικανορας;7;8
ΜΥΡΩΝ;Μυρων,Μυρων;8;8
ΤΡΙΑΝΤΑΦΥΛΛΙΑ;Τριανταφυλλιά,Φύλλη,Φύλλια,Φυλλιώ,Φυλλίτσα,Τριανταφυλλένια,Τριανταφυλλίνη,Ρόζα,Τριανταφυλλια,Φυλλη,Φυλλια,Φυλλιω,Φυλλιτσα,Τριανταφυλλενια,Τριανταφυλλινη,Ροζα;8;8
ΤΡΙΑΝΤΑΦΥΛΛΟΣ;Τριαντάφυλλος,Τριανταφύλλης,Φύλλης,Φύλλιος,Τριανταφυλλένιος,Τριανταφυλλίνος,Τριανταφυλλος,Τριανταφυλλης,Φυλλης,Φυλλιος,Τριανταφυλλενιος,Τριανταφυλλινος;8;8
δενυπάρχειμιαγιορτήπάραπολύγνωστή;;9;8
ΗΡΩ;Ηρώ,Ηρω;10;8
ΗΡΩΝ;Ηρων,Ηρων;10;8
ΙΠΠΟΛΥΤΟΣ;Ιππόλυτος,Ιππολύτη,Ιππολύτα,Ιππολυτος,Ιππολυτη,Ιππολυτα;10;8
ΛΑΥΡΕΝΤΙΟΣ;Λαυρέντιος,Λαυρέντης,Λαυρεντιος,Λαυρεντης;10;8
ΛΩΡΑ;Λώρα,Λωραίνη,Λάουρα,Λαυρεντία,Λαυρεντίνα,Λωρα,Λωραινη,Λαουρα,Λαυρεντια,Λαυρεντινα;10;8
ΕΥΠΛΟΥΣ;Εύπλους,Εύπλος,Εύπλοος,Ευπλους,Ευπλος,Ευπλοος;11;8
ΦΩΤΗΣ;Φώτιος,Φώτης,Φωτεινός,Φώτις,Φωτιος,Φωτης,Φωτεινος,Φωτις;12;8
δενυπάρχειμιαγιορτήπάραπολύγνωστή;;13;8
δενυπάρχειμιαγιορτήπάραπολύγνωστή;;14;8
ΓΕΣΘΗΜΑΝΗ;Γεσθημανή,Ιεσθημανή,Γεθσημανή,Γεσθημανη,Ιεσθημανη,Γεθσημανη;15;8
ΔΕΣΠΟΙΝΑ;-γιαπαντρεμένεςγυναίκες-Δέσποινα,Δέσπω,Δεσποίνου,Δεσποινιώ,Ντέπη,Πέπη,Ζέπω,Πιπίνα,Δεσποινα,Δεσπω,Δεσποινου,Δεσποινιω,Ντεπη,Πεπη,Ζεπω,Πιπινα;15;8
ΕΛΩΝΑ;Ελώνα,Ελλώνα,Ελόνα,Ελωνα,Ελλωνα,Ελονα;15;8
ΗΛΙΟΣΤΑΛΑΚΤΗ;Ηλιοστάλακτη,Ηλιοσταλακτη;15;8
ΘΕΟΤΟΚΗΣ;Θεοτόκης,Θεοτοκία,Θεοτοκης,Θεοτοκια;15;8
ΚΑΘΟΛΙΚΗ;Καθολική,Καθολικη;15;8
ΚΡΥΣΤΑΛΛΩ;Κρυστάλλω,Κρουστάλλω,Κρουστάλω,Κρυσταλία,Κρυσταλλία,Κρουσταλένια,Κρίστι,Κρύστα,Κρυσταλλω,Κρουσταλλω,Κρουσταλω,Κρυσταλια,Κρυσταλλια,Κρουσταλενια,Κριστι,Κρυστα;15;8
ΜΑΡΓΕΤΑ;Μαργέτα,Μαριέττα,Μαργετίνα,Μαργετα,Μαριεττα,Μαργετινα;15;8
ΜΑΡΙΑ;Μαρία-γιαπαντρεμένεςγυναίκες,Μάριος,Μάρω,Μαριώ,Μαριωρή,Μαρίκα,Μαριγώ,Μαριγούλα,Μαρούλα,Μαρίτσα,Μανιώ,Μαριέττα,Μαρούσα,Μάρσια;15;8
ΜΑΡΙΝΙΚΗ;Μαρινίκη,Μαρινικη;15;8
ΜΙΡΕΙΓ;Μιρέλλα,Μυρέλλα,Μιρέιγ,Μιρέϊγ,Μιρελλα,Μυρελλα,Μιρεϊγ,Μιρειγ;15;8
ΠΑΝΑΓΙΩΤΗΣ;Παναγιώτης,Πάνος,Πανούσος,Παναγής,Πανάγος,Γιώτης,Πανίκος,Τάκης,Παναγιώτα,Γιώτα,Παναγιούλα,Παναγούλα,Πάνη,Τότα,Τούλα,Πέγκυ;15;8
ΠΡΕΣΒΕΙΑ;Πρέσβεια,Πρεσβεία,Πρεσβεια,Πρεσβεια;15;8
ΣΥΜΕΛΑ;Συμέλα,Σιμέλα,Σουμελά,Συμελα,Σιμελα,Σουμελα;15;8
ΑΛΚΙΒΙΑΔΗΣ;Αλκιβιάδης,Αλκης,Αλτσος,Αλκιβιαδης,Αλκης,Αλτσος;16;8
ΑΠΟΣΤΟΛΟΣ;Απόστολος,Αποστόλης,Τόλης,Αποστολία,Λία,Αποστολίνα,Πολίνα,Αποστολος,Αποστολης,Τολης,Αποστολια,Λια,Αποστολινα,Πολινα;16;8
ΓΕΡΑΣΙΜΟΣ;Γεράσιμος,Μάκης,Μικές,Μίκης,Γερασιμος,Μακης,Μικες,Μικης;16;8
ΔΙΟΜΗΔΗΣ;Διομήδης,Διομηδης;16;8
ΣΑΡΑΝΤΗΣ;Σαράντης,Σαράντος,Σαραντούλα,Σαραντης,Σαραντος,Σαραντουλα;16;8
ΣΕΡΑΦΕΙΜ;Σεραφείμ,Σεραφειμία,Σεραφείμα,Σεραφειμή,Σεραφειμούλα,Σεραφειμ,Σεραφειμια,Σεραφειμα,Σεραφειμη,Σεραφειμουλα;16;8
ΣΤΑΜΑΤΗΣ;Σταμάτιος,Σταμάτης,Στάμος,Σταμούλης,Σταμέλος,Σταμέλης,Σταμελάς,Σταματιος,Σταματης,Σταμος,Σταμουλης,Σταμελος,Σταμελης,Σταμελας;16;8
ΣΤΑΜΑΤΙΑ;Σταματία,Σταματίνα,Σταμάτα,Μάτα,Ματούλα,Σταμέλα,Σταμούλα,Ματίνα,Σταματή,Μάτω,Σταματέλλα,Σταματια,Σταματινα,Σταματα,Ματα,Ματουλα,Σταμελα,Σταμουλα,Ματινα,Σταματη,Ματω,Σταματελλα;16;8
ΛΕΥΚΟΘΕΑ;Λευκοθέα,Λευκοθέη,Λευκοθεα,Λευκοθεη;17;8
ΜΥΡΩΝ;Μύρων,Μύρα,Μίρκα,Μυρων,Μυρα,Μιρκα;17;8
ΣΤΡΑΤΩΝ;Στράτων,Στράτος,Στράτης,Στράτα,Στρατία,Στρατίνα,Στρατούλα,Στρατων,Στρατος,Στρατης,Στρατα,Στρατια,Στρατινα,Στρατουλα;17;8
ΑΡΣΕΝΙΟΣ;Αρσένιος,Αρσένης,Αρσενία,Αρσίνα,Αρσενιος,Αρσενης,Αρσενια,Αρσινα;18;8
ΛΑΥΡΟΣ;Λαύρος,Λαύρης,Λάουρος,Λαύρα,Λάουρα,Λαυρος,Λαυρης,Λαουρος,Λαυρα,Λαουρα;18;8
ΦΛΩΡΟΣ;Φλώρος,Φλώρης,Φλώρα,Φλωρή,Φλωρος,Φλωρης,Φλωρα,Φλωρη;18;8
δενυπάρχειμιαγιορτήπάραπολύγνωστή;;19;8
ΗΛΙΟΔΩΡΟΣ;Ηλιόδωρος,Ηλιοδώρα,Ελεοδώρα,Ελντα,Ηλιοδωρος,Ηλιοδωρα,Ελεοδωρα;20;8
ΘΕΟΧΑΡΗΣ;Θεοχάρης,Θεοχαρούλα,Χαρούλα,Θεοχαρης,Θεοχαρουλα,Χαρουλα;20;8
ΣΑΜΟΥΗΛ;Σαμουήλ,Σαμουήλος,Σαμουήλης,Σαμουέλος,Σαμουηλία,Σαμουήλα,Σαμουέλα,Σαμουηλ,Σαμουηλος,Σαμουηλης,Σαμουελος,Σαμουηλια,Σαμουηλα,Σαμουελα;20;8
δενυπάρχειμιαγιορτήπάραπολύγνωστή;;21;8
ΑΓΑΘΟΝΙΚΟΣ;Αγαθόνικος,Αγαθονικος;22;8
ΘΕΟΠΡΕΠΙΟΣ;Θεοπρέπιος,Θεοπρεπής,Θεοπρεπία,Θεοπρεπή,Θεοπρεπιος,Θεοπρεπης,Θεοπρεπια,Θεοπρεπη;22;8
ΕΙΡΗΝΑΙΟΣ;Ειρηναίος,Ειρηναία,Ειρηναιος,Ειρηναια;23;8
ΜΑΛΑΜΑΤΗ;Μαλαματή,Μάλα,Μαλαματένια,Ματίνα,Μαλαματη,Μαλα,Μαλαματενια,Ματινα;23;8
ΠΟΘΕΙΝΟΣ;Ποθεινός,Ποθεινή,Ποθεινος,Ποθεινη;23;8
ΑΙΤΩΛΙΑ;Αιτωλία,Αιτωλια;24;8
ΕΥΤΥΧΙΟΣ;Ευτύχιος,Ευτύχης,Ευτυχία,Ευτυχούλα,Εφη,Ευτυχιος,Ευτυχης,Ευτυχια,Ευτυχουλα,Εφη;24;8
ΒΑΡΘΟΛΟΜΑΙΟΣ;Βαρθολομαίος,Βαρθολομαιος;25;8
ΤΙΤΟΣ;Τίτος,Τίτης,Τίτα,Τίτη,Τιτος,Τιτης,Τιτα,Τιτη;25;8
ΑΔΡΙΑΝΗ;Αδριανή,Αδριάνα,Αντριάνα,Ανδριάννα,Ανδριαννή,Αδριανη,Αδριανα,Αντριανα,Ανδριαννα,Ανδριαννη;26;8
ΑΔΡΙΑΝΟΣ;Αδριανός,Αδριανος;26;8
ΝΑΤΑΛΙΑ;Ναταλία,Ναταλίνα,Ναταλή,Νάταλι,Ναταλια,Ναταλινα,Ναταλη,Ναταλι;26;8
ΑΡΚΑΔΙΑ;Αρκαδία,Αρκάδα,Αρκαδια,Αρκαδα;27;8
ΑΡΚΑΔΙΟΣ;Αρκάδιος,Αρκάδης,Αρκαδιος,Αρκαδης;27;8
ΛΥΜΠΕΡΗΣ;Λυμπέρης,Λιμπέρης,Λιμπέριος,Λιβέριος,Λιβέρης,Λυμπερης,Λιμπερης,Λιμπεριος,Λιβεριος,Λιβερης;27;8
ΟΣΙΟΣ;Οσιος,Οσία,Οσιος,Οσια;27;8
ΦΑΝΟΥΡΗΣ;Φανούριος,Φανούρης,Φάνης,Φανή,Φανουρία,Νούρης,Φανουριος,Φανουρης,Φανης,Φανη,Φανουρια,Νουρης;27;8
ΔΑΜΩΝ;Δάμων,Δάμωνας,Δαμων,Δαμωνας;28;8
ΑΡΚΑΔΙΟΣ;Αρκάδιος,Αρκαδία,Αρκαδιος,Αρκαδια;29;8
ΑΛΕΞΑΝΔΡΟΣ;Αλέξανδρος,Αλέξαντρος,Αλέκος,Αλέξης,Αλεξανδρος,Αλεξαντρος,Αλεκος,Αλεξης;30;8
ΕΥΛΑΛΙΟΣ;Ευλάλιος,Ευλαλία,Ευλαλιος,Ευλαλια;30;8
ΦΥΛΑΚΑΣ;Φύλακας,Φυλακας;30;8
δενυπάρχειμιαγιορτήπάραπολύγνωστή;;31;8
ΑΔΑΜΑΝΤΙΟΣ;Αδαμάντιος,Αδαμαντία,Αμάντα,Αδαμαντιος,Αδαμαντια,Αμαντα;1;9
ΑΘΗΝΑ;Αθηνά,Αθηνα;1;9
ΑΚΡΙΒΗ;Ακριβή,Ακριβη;1;9
ΑΝΤΙΓΟΝΗ;Αντιγόνη,Γόνη,Αντιγονη,Γονη;1;9
ΑΣΠΑΣΙΑ;Ασπασία,Ασπασια;1;9
ΑΦΡΟΔΙΤΗ;Αφροδίτη,Φρέγια,Αφροδιτη,Φρεγια;1;9
ΔΙΑΜΑΝΤΩ;Αδαμαντία,Αντα,Διαμάντω,Αδαμαντια,Διαμαντω;1;9
ΔΙΩΝΗ;Διώνη,Διόνη,Διωνη,Διονη;1;9
ΔΩΔΩΝΗ;Δωδώνη,Δωδωνη;1;9
ΕΛΠΙΝΙΚΗ;Ελπινίκη,Ελπινικη;1;9
ΕΡΑΣΜΙΑ;Ερασμία,Ερασμια;1;9
ΕΡΑΤΩ;Ερατώ,Τέτη,Ερατω,Τετη;1;9
ΕΥΤΕΡΠΗ;Ευτέρπη,Ευτερπη;1;9
ΘΑΛΕΙΑ;Θάλεια,Θαλεια;1;9
ΘΕΑΝΩ;Θεανώ,Θεανω;1;9
ΘΕΟΝΥΜΦΗ;Θεονύμφη,Θεονυμφη;1;9
ΙΗΣΟΥΣ;ΙησούςτουΝαυί,ΙησουςτουΝαυι;1;9
ΙΣΜΗΝΗ;Ισμήνη,Ισμηνη;1;9
ΚΑΛΛΙΡΟΗ;Καλλιρόη,Καλλιρρόη,Καλλιροη,Καλλιρροη;1;9
ΚΑΛΛΙΣΤΗ;Καλλίστη,Καλλιστη;1;9
ΚΑΛΛΙΣΤΩ;Καλλιστώ,Καλιστώ,Καλλιστω,Καλιστω;1;9
ΚΛΕΙΩ;Κλειώ,Κλειω;1;9
ΚΛΕΟΝΙΚΗ;Κλεονίκη,Κλεονικη;1;9
ΚΛΕΟΠΑΤΡΑ;Κλεοπάτρα,Πάτρα,Πατρούλα,Κλειώ,Κλεοπατρα,Πατρα,Πατριτσα,Κλειω;1;9
ΚΟΡΑΛΙΑ;Κοραλία,Κοραλλού,Κοραλια,Κοραλλου;1;9
ΜΑΝΤΩ;Μαντώ,Μαντω;1;9
ΜΑΡΓΑΡΙΤΑ;Μαργαρίτα,Μαργαριτα;1;9
ΜΑΡΙΑΝΘΗ;Μαριάνθη,Μαριανθη;1;9
ΜΕΛΕΤΙΟΣ;Μελέτιος,Μελέτης,Μελετία,Μελετούλα,Μελετίνα,Μελετιος,Μελετης,Μελετια,Μελετουλα,Μελετινα;1;9
ΜΕΛΠΟΜΕΝΗ;Μελπομένη,Μελπομενη;1;9
ΜΟΣΧΩ;Μόσχω,Μοσχούλα,Μοσχω,Μοσχουλα;1;9
ΟΥΡΑΝΙΑ;Ουρανία,Ράνια,Ουρανια,Ρανια;1;9
ΠΑΝΔΩΡΑ;Πανδώρα,Πανδωρα;1;9
ΠΗΝΕΛΟΠΗ;Πηνελόπη,Μπηλιώ,Μπιλιώ,Πηνελοπη,Μπηλιω,Μπιλιω;1;9
ΠΟΛΥΜΝΙΑ;Πολύμνια,Πολυμνια;1;9
ΠΟΛΥΝΙΚΗ;Πολυνίκη,Πολύνα,Πόλυ,Πολυνικη,Πολυνα,Πολυ;1;9
ΠΟΛΥΤΙΜΗ;Πολυτίμη,Τίμη,Πολυτιμη,Τιμη;1;9
ΡΑΛΛΗΣ;Ράλλης,Ραλλης;1;9
ΡΑΛΛΙΑ;Ραλλία,Ραλία,Ραλλού,Ραλού,Ραλλια,Ραλια,Ραλλου,Ραλου;1;9
ΣΑΠΦΩ;Σαπφώ,Σαπφω;1;9
ΣΥΜΕΩΝ;Συμεών,Συμεώνης,Συμεωνή,Συμεωνία,Συμεώνα,Συμεωνίτσα,Σύμος,Σύμη,Συμεων,Συμεωνης,Συμεωνη,Συμεωνια,Συμεωνα,Συμεωνιτσα,Συμος,Συμη;1;9
ΤΕΡΨΙΧΟΡΗ;Τερψιχόρη,Τερψιχορη;1;9
ΧΑΙΔΩ;Χάιδω,Χάϊδω,Χαϊδω,Χαιδευτός,Χαϊδευτός,Χαϊδω,Χαιδω,Χαιδευτος,Χαϊδευτος;1;9
ΧΑΡΙΚΛΕΙΑ;Χαρίκλεια,Χαρούλα,Χαρικλεια,Χαρουλα;1;9
ΜΑΜΑΣ;Μάμας,Μάμαντας,Μάμα,Μαμας,Μαμαντας,Μαμα;2;9
ΑΝΘΙΜΟΣ;Ανθιμος,Ανθιμη,Ανθιμος,Ανθιμη;3;9
ΑΡΙΣΤΕΑ;Αριστέα,Αρίστη,Αρέστια,Αρεστία,Αριστεα,Αριστη,Αρεστια;3;9
ΑΡΙΣΤΙΩΝ;Αριστίων,Αριστίωνας,Αριστέας,Αρέστης,Αριστιων,Αριστιωνας,Αριστεας,Αρεστης;3;9
ΑΡΧΟΝΤΙΑ;Αρχοντή,Αρχοντία,Αρχοντούλα,Αρχόντισσα,Αρχόντω,Αρχοντη,Αρχοντια,Αρχοντουλα,Αρχοντισσα,Αρχοντω;3;9
ΑΡΧΟΝΤΙΩΝ;Αρχοντίων,Αρχοντίωνας,Αρχοντιων,Αρχοντιωνας;3;9
ΠΟΛΥΔΩΡΟΣ;Πολύδωρος,Πόλης,Πόλα,Πόλη,Πολύδωρας,Πολυδώρης,Πολυδώρη,Πολυδώρα,Πολυδωρος,Πολης,Πολα,Πολη,Πολυδωρας,Πολυδωρης,Πολυδωρη,Πολυδωρα;3;9
ΦΟΙΒΟΣ;Φοίβος,Φοίβη,Φοιβος,Φοιβη;3;9
ΕΡΜΙΟΝΗ;Ερμιόνη,Ερμίνα,Ερμιονη,Ερμινα;4;9
ΜΩΥΣΗΣ;Μωϋσής,Μωϋσία,Μωσής,Μωσία,Μωϋσης,Μωϋσια,Μωσης,Μωσια;4;9
ΡΟΖΑΛΙΑ;Ροζαλία-ΑγίαΚαθολικών-,Ρόζυ,Ρόζα,Ροζαλια,Ροζυ,Ροζα;4;9
ΩΚΕΑΝΙΣ;Ωκεανία,Ωκεανή,Ωκεανίς,Ωκεανια,Ωκεανη,Ωκεανις;4;9
ΩΚΕΑΝΟΣ;Ωκεανός,Ωκεάνιος,Ωκεάνης,Ωκεανος,Ωκεανιος,Ωκεανης;4;9
ΖΑΧΑΡΙΑΣ;Ζαχαρίας,Ζάχαρης,Ζάχαρος,Ζαχάρω,Ζαχαρούλα,Ζαχαρίτσα,Ζαχαρένια,Ζάκι,Ζάκης,Ζαχαριας,Ζαχαρης,Ζαχαρος,Ζαχαρω,Ζαχαρουλα,Ζαχαριτσα,Ζαχαρενια,Ζακι,Ζακης;5;9
ΒΙΒΟΣ;Βίβος,Βιβή,Βιβος,Βιβη;6;9
ΕΥΔΟΞΙΟΣ;Ευδόξιος,Ευδόξης,Δόξης,Ευδοξιος,Ευδοξης,Δοξης;6;9
ΚΑΣΣΙΑΝΗ;Κασσιανή,Κάσσυ,Κασιανή,Κασσιανός,Κασιανός,Κασσία,Κασία,Κάσσιος,Κάσιος,Κάσσος,Κάσος,Κάσσης,Κάσης,Κασσιανη,Κασσυ,Κασιανη,Κασσιανος,Κασιανος,Κασσια,Κασια,Κασσιος,Κασιος,Κασσος,Κασος,Κασσης,Κασης;7;9
ΣΩΖΩΝ;Σώζων,Σώζος,Σωζούσα,Σώζης,Σώζα,Σώζη,Σωζων,Σωζος,Σωζουσα,Σωζης,Σωζα,Σωζη;7;9
ΓΕΝΕΘΛΙΟΣ;Γενέθλιος,Γενεθλιος;8;9
ΔΕΣΠΟΙΝΑ;-γιαανύπανδρεςγυναίκεςστηνΧίο-Δέσποινα,Δεσποινούλα,Δέσπω,Δεσπούλα,Δεσποίνου,Δεσποίνω,Δεσποινιώ,Ντέπη,Πέπη,Ζέπω,Πιπίνα,Δεσποινα,Δεσποινουλα,Δεσπω,Δεσπουλα,Δεσποινου,Δεσποινω,Δεσποινιω,Ντεπη,Πεπη,Ζεπω,Πιπινα;8;9
ΝΕΡΑΤΖΙΑ;Νερατζιά,Νερατζια;8;9
ΣΚΙΑΔΕΝΗ;Σκιαδενή,Σκιαδενη;8;9
ΤοΓενέθλιοντηςΥπεραγίαΘεοτόκουκαιΑειπαρθένουΜαρίας;;8;9
ΤΣΑΜΠΙΚΑ;Τσαμπίκα,Μίκα,Τσαμπίκος,Τσαμπικα,Μικα,Τσαμπικος;8;9
ΙΩΑΚΕΙΜ;Ιωακείμ,Μάκης,Ιωακειμ,Μακης;9;9
ΚΙΑΡΑ;Κιάρα,Κιαράν,Κιαρα,Κιαραν;9;9
ΕΡΑΣΤΗ;Εράστη,Εραστή,Εραστη;10;9
ΕΡΑΣΤΟΣ;Εραστος;10;9
ΚΛΗΜΕΝΤΙΝΗ;Κλημεντίνη,Κλημεντίνα,Κλεμεντίνη,Κλεμεντίνα,Κλημεντινη,Κλημεντινα,Κλεμεντινη,Κλεμεντινα;10;9
ΚΛΗΜΗΣ;Κλήμης,Κλημης;10;9
ΜΗΝΟΔΩΡΑ;Μηνοδώρα,Μηνοδωρα;10;9
ΜΗΤΡΟΔΩΡΑ;Μητροδώρα,Μητροδωρα;10;9
ΝΥΜΦΟΔΩΡΑ;Νυμφοδώρα,Νυμφοδωρα;10;9
ΠΟΥΛΧΕΡΙΑ;Πουλχερία,Πουλχερίνα,Πουλχερίτσα,Πουλχέρω,Πουλχέρη,Πουλχερια,Πουλχερινα,Πουλχεριτσα,Πουλχερω,Πουλχερη;10;9
ΒΙΟΛΕΤΑ;Βιολέτα,Βιολέττα,Βιολετα,Βιολεττα;11;9
ΕΥΑΝΘΗΣ;Ευάνθης,Ευανθης;11;9
ΕΥΑΝΘΙΑ;Ευανθία,Εύα,Ευανθια,Ευα;11;9
ΕΥΦΡΟΣΥΝΟΣ;Ευφρόσυνος,Φρόσυνος,Ευφροσυνος,Φροσυνος;11;9
ΘΕΟΔΩΡΑ;Θεοδώρα,Δώρα,Ντόρα,Θοδώρα,Δωρούλα,Θεοδωρα,Δωρα,Ντορα,Θοδωρα,Δωρουλα;11;Σεπτεμβριου
ΘΕΟΔΩΡΑ;Θεοδώρα,Δώρα,Ντόρα,Θοδώρα,Δωρούλα,Θεοδωρα,Δωρα,Ντορα,Θοδωρα,Δωρουλα;11;Σεπτεμβριου
δενυπάρχειμιαγιορτήπάραπολύγνωστή;;12;9
ΑΡΙΣΤΕΙΔΗΣ;Αριστείδης,Αρίστος,Αριστέα,Αρης,Αριστούλα,Αριστίνα,Αρίστη,Αρίστω,Αριστειδης,Αριστος,Αριστεα,Αρης,Αριστουλα,Αριστινα,Αριστη,Αριστω;13;9
ΚΟΡΝΗΛΙΟΣ;Κορνήλιος,Κορνήλης,Κορνήλος,Κορνηλία,Κορνήλα,Κορνηλιος,Κορνηλης,Κορνηλος,Κορνηλια,Κορνηλα;13;9
ΘΕΟΚΛΗΣ;Θεοκλής,Θεοκλέας,Θεόκλεια,Θεοκλης,Θεοκλεας,Θεοκλεια;14;9
ΣΤΑΥΡΟΣ;Σταύρος,Σταύρακας,Σταυράκιος,Σταυρής,Σταυριανός,Σταυράκης,Σταυρούλα,Σταυριανή,Σταυρίνα,Σταυρία,Σταυρος,Σταυρακας,Σταυρακιος,Σταυρης,Σταυριανος,Σταυρακης,Σταυρουλα,Σταυριανη,Σταυρινα,Σταυρια;14;9
ΒΗΣΣΑΡΙΩΝ;Βησσαρίων,Βησσαρίωνας,Βησσαριων,Βησσαριωνας;15;9
ΝΙΚΗΤΑΣ;Νικήτας,Νικήτη,Νικήτα,Νικητας,Νικητη,Νικητα;15;9
ΕΥΦΗΜΙΑ;Ευφημία,Εύφη,Εύφημη,Εύφημος,Ευφημούλα,Ευφούλα,Φούλα,Ευφημια,Ευφη,Ευφημη,Ευφημος,Ευφημουλα,Ευφουλα,Φουλα;16;9
ΛΟΥΝΤΜΙΛΛΑ;Λουντμίλλα,Λουντμίλα,Λουντμιλλα,Λουντμιλα;16;9
ΜΕΛΙΝΑ;Μελιτίνη,Μελιτίνος,Μελιτίνα,Μελίτη,Μελίτα,Μελίνα,Μελιτινη,Μελιτινος,Μελιτινα,Μελιτη,Μελιτα,Μελινα;16;9
ΑΓΑΘΟΚΛΗΣ;Αγαθόκλεια,Αγαθοκλής,Αγαθοκλέας,Αγαθόκλεος,Αγαθοκλεια,Αγαθοκλης,Αγαθοκλεας,Αγαθοκλεος;17;9
ΑΓΑΠΗ;Αγάπη,Αγάπιος,Αγαπη,Αγαπιος;17;9
ΕΛΠΙΔΑ;Ελπίδα,Ελπιδα;17;9
ΟΛΙΒΙΑΝΟΣ;Ολιβιανός,Ολβιανός,Ολιβία,Ολίβια,Ολιβιανος,Ολβιανος,Ολιβια,Ολιβια;17;9
ΠΑΝΤΟΛΕΩΝ;Παντολέων,Παντολέοντας,Παντολεοντία,Παντολεοντής,Παντολεοντή,Παντολεων,Παντολεοντας,Παντολεοντια,Παντολεοντης,Παντολεοντη;17;9
ΠΗΛΕΑΣ;Πηλεύς,Πηλέας,Πηλευς,Πηλεας;17;9
ΠΙΣΤΗ;Πίστις,Πίστη,Πιστις,Πιστη;17;9
ΣΟΝΙΑ;Σόνια,Σονια;17;9
ΣΟΦΙΑ;Σοφία,Σοφιανός,Σοφιανή,Σοφούλα,Σοφούλης,Σόφη,Σοφίτσα,Σοφίνα,Φιφή,Σοφούλη,Φούλη,Σοφια,Σοφιανος,Σοφιανη,Σοφουλα,Σοφουλης,Σοφη,Σοφιτσα,Σοφινα,Φιφη,Σοφουλη,Φουλη;17;9
ΑΡΙΑΔΝΗ;Αριάδνη,Αριάνα,Αριαδνη,Αριανα;18;9
ΕΥΜΕΝΗΣ;Ευμένιος,Ευμένης,Ευμενία,Ευμενιος,Ευμενης,Ευμενια;18;9
ΚΑΣΤΩΡ;Κάστωρ,Κάστορας,Κάστορης,Καστωρ,Καστορας,Καστορης;18;9
ΡΩΜΥΛΟΣ;Ρωμύλος,Ρωμύλιος,Ρωμύλης,Ρωμύλα,Ρωμυλία,Ρωμύλη,Ρωμυλαία,Ρωμυλος,Ρωμυλιος,Ρωμυλης,Ρωμυλα,Ρωμυλια,Ρωμυλη,Ρωμυλαια;18;9
ΣΑΒΒΑΤΙΟΣ;Σαββάτιος,Σάββατος,Σαββάτης,Σαββατία,Σαββατίνα,Σαββάτα,Σαββάτη,Σαββάτω,Σαββατιος,Σαββατος,Σαββατης,Σαββατια,Σαββατινα,Σαββατα,Σαββατη,Σαββατω;19;9
ΕΥΣΤΑΘΙΟΣ;Ευστάθιος,Στάθης,Σταθάς,Σταθάκος,Ευσταθία,Σταθία,Ευσταθούλα,Σταθούλα,Ευσταθιος,Σταθης,Σταθας,Σταθακος,Ευσταθια,Σταθια,Ευσταθουλα,Σταθουλα;20;9
ΘΕΟΠΙΣΤΗ;Θεοπίστη,Θεοπιστη;20;9
ΙΩΝΑΣ;Ιωνας,Ιωνάς,Ιων,Ιωνία,Ιωνια;21;9
ΖΩΓΡΑΦΙΑ;Ζωγραφιά,Ζωγραφια;22;9
ΛΟΙΖΟΣ;Λοίζος,Λοϊζος,Λοΐζος,Λοιζος;22;9
ΛΟΥΙΖΑ;Λουϊζα,Λουίζα,Λουιζα;22;9
ΦΩΚΑΣ;Φωκάς,Φώκιος,Φώκης,Φωκία,Φωκίνα,Φωκας,Φωκιος,Φωκης,Φωκια,Φωκινα;22;9
ΙΡΙΣ;Ιρις,Ιριδα;23;9
ΞΑΝΘΙΠΠΗ(Ξανθίππη,Ξανθή,Ξανθούλα,Ξανθιππη,Ξανθη,Ξανθουλα)www.xanthippi.gr;;23;9
ΞΑΝΘΙΠΠΟΣ;Ξάνθιππος,Ξανθιππος;23;9
ΠΟΛΥΞΕΝΗ;Πολυξένη,Ξένη,Ξένια,Πολυξενη,Ξενη,Ξενια;23;9
ΡΑΪΣ;Ραΐς,Ραΐδα,Ραϊς,Ραϊδα;23;9
ΘΕΚΛΑ;Θέκλα,Θεκλα;24;9
ΚΟΠΡΟΣ;Κόπρος,Κόπρις,Κοπρος,Κοπρις;24;9
ΜΥΡΣΙΝΗ;Μυρσίνη,Μυρσώ,Μέρσα,Αμερισούδα,Αμερσούδα,Αμέρσσα,Αμέρσα,Μυρσινη,Μυρσω,Μερσα,Αμερισουδα,Αμερσουδα,Αμερσσα,Αμερσα;24;9
ΜΥΡΤΩ;Μυρτιδιώτισσα,Μυρτώ,Μύρτα,Μυρτιά,Μυρτιδιωτισσα,Μυρτω,Μυρτα,Μυρτια;24;9
ΠΕΡΣΕΦΟΝΗ;Περσεφόνη,Περσεφονη;24;9
ΠΕΡΣΗΣ;Πέρσης,Πέρση,Περσης,Περση;24;9
ΕΥΦΡΟΣΥΝΗ;Ευφροσύνη,Ευφροσύνα,Φροσύνη,Φρόσω,Φροσούλα,Φροσού,Ευφροσυνη,Ευφροσυνα,Φροσυνη,Φροσω,Φροσουλα,Φροσου;25;9
δενυπάρχειμιαγιορτήπάραπολύγνωστή;;26;9
ΑΚΥΛΙΝΗ;Ακυλίνα,Ακυλίνη,Ακυλήνη,Ακυλινα,Ακυλινη,Ακυληνη;27;9
ΕΠΙΧΑΡΙΣ;Επίχαρις,Επιχάρια,Επιχαρις,Επιχαρια;27;9
ΖΗΝΩΝ;Ζήνων,Ζηνων;27;9
ΚΑΛΛΙΣΤΡΑΤΟΣ;Καλλίστρατος,Καλλιστράτης,Καλλιστράτη,Καλλιστρατος,Καλλιστρατης,Καλλιστρατη;27;9
ΧΑΡΙΤΩΝ;Χαρίτων,Χαρίτωνας,Χαρίτος,Χαριτων,Χαριτωνας,Χαριτος;28;9
ΚΥΡΙΑΚΟΣ;Κυριάκος,Κυριακος;29;9
ΣΤΡΑΤΟΝΙΚΟΣ;Στρατόνικος,Στρατονίκης,Στρατονίκιος,Στράτος,Στράτης,Στρατονικος,Στρατονικης,Στρατονικιος,Στρατος,Στρατης;30;9
ΑΝΑΝΙΑΣ;Ανανίας,Νίνος,Ανανιας,Νινος;1;10
ΘΗΡΕΣΙΑ;Θηρεσία,Θηρεσια;1;10
ΡΩΜΑΝΟΣ;Ρωμανός,Ρωμάνα,Ρωμανή,Ρωμανος,Ρωμανα,Ρωμανη;1;10
ΙΟΥΣΤΑ;Ιούστα,Γιούστα,Ιουστα,Γιουστα;2;10
ΙΟΥΣΤΙΝΗ;Ιουστίνα,Ιουστίνη,Γιουστίνα,Γιουστίνη,Ιουστινα,Ιουστινη,Γιουστινα,Γιουστινη;2;10
ΚΥΠΡΙΑΝΟΣ;Κυπριανός,Κυπριανή,Κυπριανος,Κυπριανη;2;10
ΔΙΟΝΥΣΗΣ;Διονύσιος,Νύσης,Διονύσης,Νιόνιος,Διονυσία,Διονυσούλα,Νύσα,Ντένης,Ντενίζ,Σίσσυ,Διονυσιος,Νυσης,Διονυσης,Νιονιος,Διονυσια,Διονυσουλα,Νυσα,Ντενης,Ντενιζ,Σισσυ;3;10
ΒΕΡΙΝΑ;Βερίνα,Βερίνη,Βέρα,Βερούλα,Βερούλη,Βερινα,Βερινη,Βερα,Βερουλα,Βερουλη;4;10
ΙΕΡΟΘΕΟΣ;Ιερόθεος,Ιεροθέα,Ιεροθέη,Ιεροθεος,Ιεροθεα,Ιεροθεη;4;10
ΚΑΛΛΙΣΘΕΝΗΣ;Καλλισθένη,Καλλισθένης,Καλλισθενη,Καλλισθενης;4;10
ΧΑΡΙΤΙΝΗ;Χαριτίνη,Χαριτίνα,Χαρίτη,Τίνα,Χαρά,Χαριτινη,Χαριτινα,Χαριτη,Τινα,Χαρα;5;10
ΕΡΩΤΗΪΣ;Ερωτηΐς,Ερωτηΐδα,Ερωτηϊς,Ερωτηϊδα;6;10
ΘΩΜΑΣ;Θωμάς,Θωμαή,Τόμας,Θωμας,Θωμαη,Τομας;6;10
ΒΑΚΧΟΣ;Βάκχος,Βάκχη,Βακχία,Βακχος,Βακχη,Βακχια;7;10
ΠΟΛΥΧΡΟΝΗΣ;Πολυχρόνιος,Πολυχρόνης,Χρόνης,Πολυχρονία,Πολυχρονούλα,Πολυχρονιος,Πολυχρονης,Χρονης,Πολυχρονια,Πολυχρονουλα;7;10
ΣΕΡΓΙΟΣ;Σέργιος,Σεργία,Σεργιανή,Σεργιούλα,Σεργιος,Σεργια,Σεργιανη,Σεργιουλα;7;10
ΠΕΛΑΓΙΑ;Πελαγία,Πελάγιος,Πελαγής,Πελαγούλα,Πελαγίνα,Πελαγίτσα,Πελαγιώ,Πελαγια,Πελαγιος,Πελαγης,Πελαγουλα,Πελαγινα,Πελαγιτσα,Πελαγιω;8;10
ΛΟΤ;Λώτ,Λότ,Λωτ,Λοτ;9;10
ΑΜΑΡΥΛΛΙΣ;Αμαρυλλίς,Αμαρυλίς,Αμαρυλλίζ,Αμαριλίζ,Αμαρυλλις,Αμαρυλις,Αμαρυλλιζ,Αμαριλιζ;10;10
ΕΥΛΑΜΠΙΑ;Ευλαμπία,Ευλαμπή,Ευλάμπω,Λαμπή,Λαμπίνα,Λαμπία,Λάμπω,Ευλαμπια,Ευλαμπη,Ευλαμπω,Λαμπη,Λαμπινα,Λαμπια,Λαμπω;10;10
ΕΥΛΑΜΠΙΟΣ;Ευλάμπιος,Λάμπης,Ευλάμπης,Ευλαμπιος,Λαμπης,Ευλαμπης;10;10
δενυπάρχειμιαγιορτήπάραπολύγνωστή;;11;10
ΑΝΔΡΟΜΑΧΗ;Ανδρομάχη,Μάχη,Μαχούλα,Ανδρομαχη,Μαχη,Μαχουλα;12;10
ΑΝΔΡΟΜΑΧΟΣ;Ανδρόμαχος,Μάχος,Ανδρομαχος,Μαχος;12;10
ΒΑΛΑΝΤΙΟΣ;Βαλάντιος,Βαλάντης,Βαλαντιος,Βαλαντης;12;10
ΑΓΑΘΟΝΙΚΗ;Αγαθονίκη,Αγαθονικη;13;10
ΚΑΡΠΟΣ;Καρπός,Καρπος;13;10
ΦΛΩΡΕΝΤΙΑ;Φλωρεντία,Φλωρέντα,Φλωρένα,Φλώρινα,Φλωρένσα,Φλωρέντζα,Ντία,Φλωρεντια,Φλωρεντα,Φλωρενα,Φλωρινα,Φλωρενσα,Φλωρεντζα,Ντια;13;10
ΦΛΩΡΕΝΤΙΟΣ;Φλωρέντιος,Φλωρέντης,Φλωρέντος,Φλορέντσος,Φλορέντζος,Φλωρεντιος,Φλωρεντης,Φλωρεντος,Φλορεντσος,Φλορεντζος;13;10
ΧΡΥΣΗ;Χρυσή,Χρυση;13;10
ΓΕΡΒΑΣΙΟΣ;Γερβάσιος,Γερβασία,Γερβασιος,Γερβασια;14;10
ΙΓΝΑΤΙΟΣ;Ιγνάτιος,Ιγνάτης,Ιγνατία,Ιγνατιος,Ιγνατης,Ιγνατια;14;10
ΝΑΖΑΡΙΟΣ;Ναζάριος,Ναζαριος;14;10
ΛΟΥΚΙΑΝΟΣ;Λουκιανός,Λουκιανή,Λουκιανος,Λουκιανη;15;10
δενυπάρχειμιαγιορτήπάραπολύγνωστή;;16;10
ΑΝΤΙΓΟΝΟΣ;Αντίγονος,Αντιγονος;17;10
ΕΥΠΡΕΠΙΟΣ;Ευπρέπιος,Ευπρέπειος,Ευπρεπής,Ευπρεπία,Ευπρεπιος,Ευπρεπειος,Ευπρεπης,Ευπρεπια;17;10
ΛΟΥΚΑΣ;Λουκάς,Λουκία,Λουκίτσα,Λουκας,Λουκια,Λουκιτσα;18;10
ΜΑΡΙΝΟΣ;Μαρίνος,Μαρινος;18;10
ΚΛΕΟΠΑΤΡΑ;Κλεοπάτρα,Πάτρα,Πατρούλα,Πατρίτσα,Κλειώ,Κλεοπατρα,Πατρα,Πατρουλα,Πατριτσα,Κλειω;19;10
ΦΙΛΗΞ;Φίληξ,Φήλιξ,Φίληκας,Φίληξα,Φιλήκη,Φιληξ,Φηλιξ,Φιληκας,Φιληξα,Φιληκη;19;10
ΑΡΤΕΜΙΟΣ;Αρτέμιος,Αρτέμης,Αρτεμιος,Αρτεμης;20;10
ΑΡΤΕΜΙΣ;Αρτεμις,Αρτεμία,Αρτέμη,Αρτεμισία,Αρτέμιδα,Αρτεμια,Αρτεμη,Αρτεμισια,Αρτεμιδα;20;10
ΓΕΡΑΣΙΜΟΣ;Γεράσιμος,Μάκης,Μικές,Μίκης,Γερασιμος,Μακης,Μικες,Μικης;20;10
ΕΝΟΗ;Ενόη,Ενοη;20;10
ΚΕΡΑΣΙΑ;Κερασιά,Κερασία,Κερασια;20;10
ΜΑΤΡΩΝΑ;Ματρώνα,Ματρόνα,Ματρωνα,Ματρονα;20;10
ΝΤΙΑΝΑ;Ντιάνα,Διάνα,Ντιανα,Διανα;20;10
ΕΥΚΡΑΤΗΣ;Ευκράτης,Εύκρατος,Ευκρατάς,Ευκρατία,Ευκρατούλα,Ευκρασία,Ευκρατης,Ευκρατος,Ευκρατας,Ευκρατια,Ευκρατουλα,Ευκρασια;21;10
ΟΡΣΑΛΙΑ;Ορσαλία,Ορσαλια;21;10
ΟΥΡΣΟΥΛΑ;Ούρσουλα,Ουρσουλα;21;10
ΣΩΚΡΑΤΗΣ;Σωκράτης,Σωκρατίνα,Σωκρατία,Σωκρατης,Σωκρατινα,Σωκρατια;21;10
ΧΡΙΣΤΟΔΟΥΛΟΣ;Χριστόδουλος,Χριστοδουλος;21;10
ΑΒΕΡΚΙΟΣ;Αβέρκιος,Αβερκία,Αβερκιος,Αβερκια;22;10
ΙΑΚΩΒΟΣ;Ιάκωβος,Ιακωβίνα,Ζακελίνα,Ιακωβος,Ιακωβινα,Ζακελινα;23;10
ΣΕΒΑΣΤΙΑΝΗ;Σεβαστιανή,Σεβαστίνα,Σεβαστιάνα,Σεβαστή,Σέβη,Σεβούλα,Σεβαστούλα,Σεβαστιανη,Σεβαστινα,Σεβαστιανα,Σεβαστη,Σεβη,Σεβουλα,Σεβαστουλα;24;10
ΧΡΥΣΑΝΘΗ;Χρυσάνθη,Χρυσανθη;25;10
ΧΡΥΣΑΦΗΣ;Χρυσάφης,Χρυσάφιος,Χρυσαφένια,Χρυσαφης,Χρυσαφιος,Χρυσαφενια;25;10
ΓΛΥΚΩΝ;Γλύκων,Γλυκός,Γλυκων,Γλυκος;26;10
ΔΗΜΗΤΡΑ;Δήμητρα,Δημητρούλα,Δημητρία,Μιμή,Μιμίκα,Ντίμι,Δημητρα,Δημητρουλα,Δημητρια,Μιμη,Μιμικα,Ντιμι;26;10
ΔΗΜΗΤΡΗΣ;Δημήτριος,Δημήτρης,Δημητρός,Δήμος,Μίμης,Δημητράκης,Τζίμης,Τζιμάκος,Μήτσος,Μητσάκος,Μήτρος,Δημητριος,Δημητρης,Δημητρος,Δημος,Μιμης,Δημητρακης,Τζιμης,Τζιμακος,Μητσος,Μητσακος,Μητρος;26;10
ΛΕΠΤΙΝΗΣ;Λεπτίνα,Λέπτινος,Λεπτινα,Λεπτινος;26;10
ΛΟΥΠΠΟΣ;Λούππος,Λούππης,Λουππος,Λουππης;27;10
ΝΕΣΤΩΡ;Νέστωρ,Νέστορας,Νεστορία,Νεστωρ,Νεστορας,Νεστορια;27;10
ΒΗΛΗ;Βήλη,Βίλια,Βηλη,Βιλια;28;10
ΕπέτειοςτηςγιορτήςτουΟΧΙ(1940)-ΕθνικήΓιορτή;;28;10
ΕΥΝΙΚΗ;Ευνίκη,Ευνίκα,Ευνικη,Ευνικα;28;10
ΕΥΝΙΚΗ;Ευνίκη,Ευνίκα,Ευνικη,Ευνικα;28;10
ΑΒΡΑΑΜ;Αβραάμ,Αβραμία,Αβρααμ,Αβραμια;29;10
ΑΝΑΣΤΑΣΙΑ;Αναστασία,Τασία,Σία,Τατία,Τάσα,Τέσα,Τασούλα,Τασσώ,Αναστασια,Τασια,Σια,Τατια,Τασα,Τεσα,Τασουλα,Τασσω;29;10
ΜΕΛΙΝΑ;Μελιτίνη,Μελιτίνος,Μελιτίνα,Μελίτη,Μελίτα,Μελίνα,Μελιτινη,Μελιτινος,Μελιτινα,Μελιτη,Μελιτα,Μελινα;29;10
ΑΠΟΛΛΩΝΙΑ;Απολλωνία,Απολλωνια;30;10
ΑΣΤΕΡΙΟΣ;Αστέριος,Αστέρης,Αστρης,Αστεριος,Αστερης;30;10
ΑΣΤΕΡΩ;Αστέρω,Αστερία,Αστρούλα,Αστερω,Αστερια,Αστρουλα;30;10
ΖΗΝΟΒΙΑ;Ζηνοβία,Ζήνα,Τζήνα,Τζίνα,Ζελίνα,Ζηνοβια,Ζηνα,Τζηνα,Τζινα,Ζελινα;30;10
ΖΗΝΟΒΙΟΣ;Ζηνόβιος,Ζηνοβής,Ζήνος,Τζήνος,Τζίνα,Τζήνα,Ζηνοβιος,Ζηνοβης,Ζηνος,Τζηνος;30;10
ΚΛΕΟΠΑΣ;Κλεόπας,Κλεόπιος,Κλεοπία,Κλεοπάκης,Πάκης,Κλεοπας,Κλεοπιος,Κλεοπια,Κλεοπακης,Πακης;30;10
ΚΡΟΝΟΣ;Κρονίων,Κρονίωνας,Κρονίος,Κρόνος,Κρονία,Κρονιων,Κρονιωνας,Κρονιος,Κρονος,Κρονια;30;10
ΜΑΡΚΙΑΝΟΣ;Μαρκιανός,Μαρκίνος,Μαρκιανος,Μαρκινος;30;10
ΤΕΡΤΙΟΣ;Τέρτιος,Τέρτος,Τέρτης,Τέρτια,Τέρτα,Τέρτη,Τερτίνος,Τερτίνα,Τερτιος,Τερτος,Τερτης,Τερτια,Τερτα,Τερτη,Τερτινος,Τερτινα;30;10
ΑΜΠΛΙΑ;Αμπλία,Αμπλίος,Αμπλια,Αμπλιος;31;10
ΑΠΕΛΛΗΣ;Απελλής,Απέλλης,Απελλης;31;10
ΑΡΙΣΤΟΒΟΥΛΟΣ;Αριστόβουλος,Αριστοβούλη,Αριστοβουλος,Αριστοβουλη;31;10
ΝΑΡΚΙΣΣΟΣ;Νάρκισος,Νάρκισσος,Ναρκισος,Ναρκισσος;31;10
ΣΤΡΑΤΟΝΙΚΗ;Στρατονίκη,Στρατή,Νίκη,Στρατονικη,Στρατη,Νικη;31;10
ΑΝΑΡΓΥΡΟΣ;Ανάργυρος,Ανάργυρη,Αναργυρούλα,Αναργυρος,Αναργυρη,Αναργυρουλα;1;11
ΔΑΒΙΔ;Δαβίδ(όσιοςΕύβοιας),Δαυίδ,Δαβιδ,Δαυιδ;1;11
ΔΑΜΙΑΝΟΣ;Δαμιανός,Δαμιανή,Δαμιανος,Δαμιανη;1;11
ΔΙΟΝΥΣΟΣ;Διόνυσος,Διονυσος;1;11
ΚΟΣΜΑΣ;Κοσμάς,Κοσμας;1;11
ΑΚΙΝΔΥΝΟΣ;Ακίνδυνος,Ακίνδυνη,Ακινδυνος,Ακινδυνη;2;11
ΑΝΕΜΠΟΔΙΣΤΟΣ;Ανεμπόδιστος,Ανεμπόδιστη,Ανεμποδιστος,Ανεμποδιστη;2;11
ΑΦΘΟΝΙΟΣ;Αφθόνιος,Αφθονία,Αφθονιος,Αφθονια;2;11
ΕΛΠΙΔΗΦΟΡΟΣ;Ελπιδηφόρος,Ελπιδηφόρα,Ελπιδοφόρος,Ελπιδοφόρα,Ελπιδηφορος,Ελπιδηφορα,Ελπιδοφορος,Ελπιδοφορα;2;11
ΠΗΓΑΣΟΣ;Πηγάσιος,Πήγασος,Πηγασία,Πηγασιος,Πηγασος,Πηγασια;2;11
δενυπάρχειμιαγιορτήπάραπολύγνωστή;;3;11
ΕΡΜΑΙΟΣ;Ερμαίος,Ερμαίας,Ερμαιος,Ερμαιας;4;11
ΙΩΑΝΝΙΚΙΟΣ;Ιωαννίκιος,Ιωανίκιος,Ιωαννικιος,Ιωανικιος;4;11
ΓΑΛΑΚΤΙΩΝ;Γαλακτίων,Γαλακτίωνας,Γαλάτιος,Γαλάτης,Γαλακτία,Γαλατεία,Γαλάτια,Γαλακτιων,Γαλακτιωνας,Γαλατιος,Γαλατης,Γαλακτια,Γαλατεια,Γαλατια;5;11
ΕΠΙΣΤΗΜΗ;Επιστήμη,Επιστημη;5;11
ΛΙΝΟΣ;Λίνος,Λίνα,Λινος,Λινα;5;11
ΣΙΛΒΑΝΟΣ;Σιλβανός,Σιλβάνα,Σιλβανή,Σίλβια,Σίλβα,Σιλβανος,Σιλβανα,Σιλβανη,Σιλβια,Σιλβα;5;11
ΛΕΟΝΑΡΔΟΣ;Λεονάρδος,Λεοναρδος;6;11
ΑΘΗΝΟΔΩΡΟΣ;Αθηνόδωρος,Αθηνόδωρας,Αθηνοδωρής,Δώρης,Αθηνοδώρα,Αθηνοδωρος,Αθηνοδωρας,Αθηνοδωρης,Δωρης,Αθηνοδωρα;7;11
ΕΡΝΕΣΤΟΣ;Ερνέστος,Ερνεστίνη,Ερνεστίνα,Ερνέστα,Ερνεστος,Ερνεστινη,Ερνεστινα,Ερνεστα;7;11
ΘΕΑΓΕΝΗΣ;Θεαγένης,Θεαγένιος,Θεαγενεία,Θεαγενία,Θεαγενης,Θεαγενιος,Θεαγενεια,Θεαγενια;7;11
ΘΕΜΕΛΙΟΣ;Θεμέλιος,Θεμέλη,Θεμελίνα,Θεμελιος,Θεμελη,Θεμελινα;7;11
ΑΓΓΕΛΟΣ;Αγγελος,Αγγελής,Αγγελέτος,Αγγελική,Αντζελα,Ατζελα,Αντζυ,Αγγέλα,Αγγέλλω,Αγγελίνα,Αγγελικούλα,Κούλα,Γκέλυ,Ατζέλικα,Αγγελης,Αγγελετος,Αγγελικη,Αγγελα,Αγγελλω,Αγγελινα,Αγγελικουλα,Κουλα,Γκελυ,Ατζελικα;8;11
ΓΑΒΡΙΕΛΑ;Γαβριέλα,Γαβρίλα,Γαβριηλίτσα,Γαβριλίτσα,Αραβέλα,Γαβριελα,Γαβριλα,Γαβριηλιτσα,Γαβριλιτσα,Αραβελα;8;11
ΓΑΒΡΙΗΛ;Γαβριήλ,Γαβρίλος,Γαβρίλης,Γαβριηλ,Γαβριλος,Γαβριλης;8;11
ΕΥΣΤΡΑΤΙΑ;Ευστρατία,Ευστρατια;8;11
ΜΑΤΙΝΑ;Ματίνα,Ματινα;8;11
ΜΕΤΑΞΙΑ;Μεταξία,Μεταξούλα,Ταξούλα,Μεταξένια,Μεταξια,Μεταξουλα,Ταξουλα,Μεταξενια;8;11
ΜΙΧΑΕΛΑ;Μιχαέλα,Μιχαέλλα,Μιχαήλα,Μιχαηλία,Μισέλ,Μιχαλία,Μιχαελα,Μιχαελλα,Μιχαηλα,Μιχαηλια,Μισελ,Μιχαλια;8;11
ΜΙΧΑΗΛ;Μιχαήλ,Μιχάλης,Μιχαλός,Μιχαλιός,Μιχαλάκης,Μίχος,Μιχελής,Μιχαηλός,Μιχαηλ,Μιχαλης,Μιχαλος,Μιχαλιος,Μιχαλακης,Μιχος,Μιχελης,Μιχαηλος;8;11
ΡΑΦΑΗΛ;Ραφαήλ,Ραφαήλος,Ραφαέλος,Ραφαέλα,Ραφαήλα,Ραφαηλία,Ραφαηλ,Ραφαηλος,Ραφαελος,Ραφαελα,Ραφαηλα,Ραφαηλια;8;11
ΣΤΑΜΑΤΗΣ;Σταμάτιος,Σταμάτης,Στάμος,Σταμούλης,Σταμέλος,Σταμέλης,Σταμελάς,Σταματιος,Σταματης,Σταμος,Σταμουλης,Σταμελος,Σταμελης,Σταμελας;8;11
ΣΤΑΜΑΤΙΑ;Σταματία,Σταματίνα,Σταμάτα,Μάτα,Ματούλα,Σταμέλα,Σταμούλα,Ματίνα,Σταματή,Μάτω,Σταματέλλα,Σταματια,Σταματινα,Σταματα,Ματα,Ματουλα,Σταμελα,Σταμουλα,Ματινα,Σταματη,Ματω,Σταματελλα;8;11
ΣΤΡΑΤΗΓΟΣ;Στρατηγός,Στρατηγούλα,Στρατής(Λέσβος),Στρατηγος,Στρατηγουλα,Στρατης;8;11
ΤΑΞΙΑΡΧΗΣ;Ταξιάρχης,Ταξιαρχης;8;11
ΕΛΛΑΔΙΟΣ;Ελλάδιος,Ελλάδης,Ελλαδιος,Ελλαδης;9;11
ΘΕΟΚΤΙΣΤΗ(Θεοκτίστη,Θεοκτιστη;;9;11
ΜΑΥΡΑ;Μαύρα,Μαυρούλα,Μαυρίτσα,Μαύρος,Μαυρα,Μαυρουλα,Μαυριτσα,Μαυρος;9;11
ΝΕΚΤΑΡΙΟΣ;Νεκτάριος,Νεκτάρης,Νεκταρία,Νεκταρίνα,Νεκταρούλα,Νεκταριος,Νεκταρης,Νεκταρια,Νεκταρινα,Νεκταρουλα;9;11
ΑΡΣΕΝΙΟΣ;Αρσένιος,Αρσένης,Αρσενία,Αρσίνα,Αρσενιος,Αρσενης,Αρσενια,Αρσινα;10;11
ΑΡΣΙΝΟΗ;Αρσινόη,Αρσινοη;10;11
ΗΡΩΔΙΩΝ;Ηρωδίων,Ροδίων,Ηρωδιάς,Ηρωδιάδα,Ηρωδιων,Ροδιων,Ηρωδιας,Ηρωδιαδα;10;11
ΜΙΛΩΝ;Μίλος,Μίλης,Μίλων,Μιλος,Μιλης,Μιλων;10;11
ΟΡΕΣΤΗΣ;Ορέστης,Ορεστία,Ορεστιάς,Ορεστιάδα,Ορεστης,Ορεστια,Ορεστιας,Ορεστιαδα;10;11
ΡΟΔΙΩΝ;Ροδίων,Ρόδιος,Ροδής,Ρόδος,Ροδιά,Ροδούλα,Ροδίτα,Ρόζα,Ροζαλία,Ροζίτα,Ροζίνα,Ροζάνα,Ροδιων,Ροδιος,Ροδης,Ροδος,Ροδια,Ροδουλα,Ροδιτα,Ροζα,Ροζαλια,Ροζιτα,Ροζινα,Ροζανα;10;11
ΣΩΣΙΠΑΤΡΟΣ;Σωσίπατρος,Σωπάτρα,Σώπατρος,Σωπατρία,Πάτρα,Πατρούλα,Πατρίτσα,Σωσιπατρος,Σωπατρα,Σωπατρος,Σωπατρια,Πατρα,Πατρουλα,Πατριτσα;10;11
ΩΡΙΩΝ;Ωρίων,Ωρίωνας,Ωριώνης,Ωριώνη,Ωριων,Ωριωνας,Ωριωνης,Ωριωνη;10;11
ΒΙΚΕΝΤΙΟΣ;Βικέντιος,Βικέντης,Βικεντία,Βικεντιος,Βικεντης,Βικεντια;11;11
ΒΙΚΤΩΡΑΣ;Βίκτωρ,Βίκτορας,Βικτωρία,Βικτορία,Βικτόρια,Βικτωρ,Βικτορας,Βικτωρια,Βικτορια,Βικτορια;11;11
ΔΡΑΚΩΝ;Δράκων,Δράκοντας,Δράκος,Δρακούλης,Δρακούλα,Δρακων,Δρακοντας,Δρακος,Δρακουλης,Δρακουλα;11;11
ΜΗΝΑΣ;Μηνάς,Μηναίς,Μήνα,Μηνας,Μηναις,Μηνα;11;11
ΜΙΝΟΣ;Μίνος,Μίνως,Μίνα,Μινος,Μινως,Μινα;11;11
δενυπάρχειμιαγιορτήπάραπολύγνωστή;;12;11
ΔΑΜΑΣΚΗΝΟΣ;Δαμασκηνός,Δαμασκηνή,Δαμασκηνος,Δαμασκηνη;13;11
ΧΡΥΣΟΣΤΟΜΟΣ;Χρυσόστομος,Χρυσοστόμης,Χρυσοστόμη,Χρυσοστομία,Χρυσοστομίτσα,Χρυσοστομος,Χρυσοστομης,Χρυσοστομη,Χρυσοστομια,Χρυσοστομιτσα;13;11
ΓΡΗΓΟΡΗΣ;Γρηγόρης,Γρηγορία,Γρηγόριος,Γόλης,Γρηγορης,Γρηγορια,Γρηγοριος,Γολης;14;11
ΦΙΛΙΠΠΑ;Φιλίππα,Φιλιππία,Φιλιώ,Φιλιππα,Φιλιππια,Φιλιω;14;11
ΦΙΛΙΠΠΟΣ;Φίλιππος,Φιλιππής,Φίλιππας,Φιλιππάκης,Φιλιππος,Φιλιππης,Φιλιππας,Φιλιππακης;14;11
δενυπάρχειμιαγιορτήπάραπολύγνωστή;;15;11
ΙΦΙΓΕΝΕΙΑ;Ιφιγένεια,Ιφιγενεια;16;11
ΜΑΤΘΑΙΟΣ;Ματθαίος,Μαθαίος,Μαθιός,Ματθούλα,Μαθούλα,Ματθαιος,Μαθαιος,Μαθιος,Ματθουλα,Μαθουλα;16;11
ΓΕΝΝΑΔΙΟΣ;Γεννάδιος,Γενάδιος,Γενναδιος,Γεναδιος;17;11
ΧΙΛΝΤΑ;Χίλντα,Χιλντα;17;11
ΠΛΑΤΩΝΑΣ;Πλάτων,Πλάτωνας,Πλατωνία,Πλατώνα,Πλατων,Πλατωνας,Πλατωνια,Πλατωνα;18;11
δενυπάρχειμιαγιορτήπάραπολύγνωστή;;19;11
ΔΕΝΑΧΙΣ;Δεναχίς,Δεναχίδα,Δεναχις,Δεναχιδα;20;11
ΒΙΡΓΙΝΙΑ;Βιργινία,Βιργινια;21;11
ΔΕΣΠΟΙΝΑ;-γιαανύπανδρεςγυναίκες-Δέσποινα,Δεσποινούλα,Δέσπω,Δεσπούλα,Δεσποίνου,Δεσποίνω,Δεσποινιώ,Ντέπη,Πέπη,Ζέπω,Πιπίνα,Δεσποινα,Δεσποινουλα,Δεσπω,Δεσπουλα,Δεσποινου,Δεσποινω,Δεσποινιω,Ντεπη,Πεπη,Ζεπω,Πιπινα;21;11
ΛΕΜΟΝΙΑ;Λεμονιά,Λεμονια;21;11
ΜΑΡΙΑ;Μαρία,Μάριος,Μάρω,Μαριώ,Μαριωρή,Μαρίκα,Μαριγώ,Μαριγούλα,Μαρούλα,Μαρίτσα,Μαριέττα,Μαρούσα,Μάρσια,Μαρια,Μαριος,Μαρω,Μαριω,Μαριωρη,Μαρικα,Μαριγω,Μαριγουλα,Μαρουλα,Μαριτσα,Μαριεττα,Μαρουσα,Μαρσια;21;11
ΣΟΥΛΤΑΝΑ;Σουλτάνα,Σουλτάνης,Σούζυ,Σούζη,Σουλτανίτσα,Τάνια,Σουλτανα,Σουλτανης,Σουζυ,Σουζη,Σουλτανιτσα,Τανια;21;11
ΒΑΛΕΡΙΟΣ;Βαλεριανός,Βαλεριάνα,Βαλέρια,Βαλέριος,Βαλέρης,Βάλιος,Βάλια,Βαλεριανος,Βαλεριανα,Βαλερια,Βαλεριος,Βαλερης,Βαλιος,Βαλια;22;11
ΣΕΣΙΛΙΑ;Σεσίλια,Κεκίλια,Κικίλια,Σεσιλια,Κεκιλια,Κικιλια;22;11
ΦΙΛΗΜΩΝ;Φιλήμων,Φιλήμονας,Φιλημονή,Φιλημόνα,Φλημόνα,Φιλημων,Φιλημονας,Φιλημονη,Φιλημονα,Φλημονα;22;11
ΑΜΦΙΛΟΧΙΟΣ;Αμφιλόχιος,Αμφιλοχία,Αμφιλοχιος,Αμφιλοχια;23;11
ΕΛΕΝΟΣ;Ελενος,Λένος,Λενος;23;11
δενυπάρχειμιαγιορτήπάραπολύγνωστή;;24;11
ΑΙΚΑΤΕΡΙΝΗ;Αικατερίνα,Κατερίνα,Αικατερίνη,Καίτη,Κατίνα,Κατερινιώ,Κατινιώ,Κατίνγκω,Κατίγκα,Τίγκα,Κάτια,Ρίνα,Καλοτίνα,Κάρεν;25;11
ΜΕΡΚΟΥΡΗΣ;Μερκούριος,Μερκούρης,Μέρκουρας,Μάρκορας,Μερκουρία,Μερκουριος,Μερκουρης,Μερκουρας,Μαρκορας,Μερκουρια;25;11
ΚΥΠΑΡΙΣΣΙΑ;Κυπαρισσία,Σίσσυ,Παρέσια,Παρεσίνα,Παρεσσία,Παρέσσα,Κυπαρισσια,Σισσυ,Παρεσια,Παρεσινα,Παρεσσια,Παρεσσα;26;11
ΝΙΚΩΝ;Νίκων,Νικων;26;11
ΣΤΕΡΓΙΟΣ;Στέργιος,Στέργης,Στέργος,Στεργία,Στεργιανή,Στεργιούλα,Στεργιούδα,Στεργιος,Στεργης,Στεργος,Στεργια,Στεργιανη,Στεργιουλα,Στεργιουδα;26;11
ΣΤΥΛΙΑΝΟΣ;Στυλιανός,Στυλιανή,Στέλιος,Στελής,Τέλης,Τέλιος,Στελίτσα,Στέλα,Στέλλα,Στέλια,Τέλα,Τελία,Τελίτσα,Στυλιανος,Στυλιανη,Στελιος,Στελης,Τελης,Τελιος,Στελιτσα,Στελα,Στελλα,Στελια,Τελα,Τελια,Τελιτσα;26;11
δενυπάρχειμιαγιορτήπάραπολύγνωστή;;27;11
ΕΙΡΗΝΑΡΧΟΣ;Ειρήναρχος,Ειρηναρχος;28;11
ΦΑΙΔΡΑ;Φαίδρα,Φαιδρούλα,Φαιδρίνα,Φαιδρα,Φαιδρουλα,Φαιδρινα;29;11
ΦΑΙΔΡΟΣ;Φαίδρος,Φαιδρής,Φαιδρινός,Φαιδρος,Φαιδρης,Φαιδρινος;29;11
ΦΙΛΟΜΕΝΗ;Φιλουμένη,Φιλομένη,Φιλουμενη,Φιλομενη;29;11
ΦΙΛΟΥΜΕΝΟΣ;Φιλούμενος,Φιλόμενος,Φιλουμένη,Φιλομένη,Φίλος,Φίλη,Φιλομίνα,Φιλομίλα,Φιλομίλη,Φιλουμενος,Φιλομενος,Φιλουμενη,Φιλομενη,Φιλος,Φιλη,Φιλομινα,Φιλομιλα,Φιλομιλη;29;11
ΑΝΔΡΕΑΣ;Ανδρέας,Αντρέας,Ανδρίκος,Αντρίκος,Ανδρούλα,Αντρούλα,Ανδρίτσα,Αντρίτσα,Ανδρεας,Αντρεας,Ανδρικος,Αντρικος,Ανδρουλα,Αντρουλα,Ανδριτσα,Αντριτσα;30;11
ΑΡΕΤΗ;Αρετή,Αρετούσα,Αρετη,Αρετουσα;1;12
ΘΕΟΚΛΗΤΟΣ;Θεόκλητος,Θεοκλητος;1;12
ΙΑΚΩΒ;Ιακώβ,Ιακωβ;1;12
ΝΑΟΥΜ;Ναούμ,Ναούμης,Ναούμα,Ναόμι,Ναουμ,Ναουμης,Ναουμα,Ναομι;1;12
ΦΙΛΑΡΕΤΟΣ;Φιλάρετος,Φιλαρέτιος,Φιλαρέτης,Φιλαρέτη,Φιλαρετος,Φιλαρετιος,Φιλαρετης,Φιλαρετη;1;12
ΜΕΡΟΠΗ;Μερόπη,Μυρόπη,Μεροπη,Μυροπη;2;12
ΣΟΛΟΜΩΝΤΑΣ;Σολομών,Σολομώντας,Σόλων,Σόλωνας,Σολομωντία,Σολομων,Σολομωντας,Σολων,Σολωνας,Σολομωντια;2;12
ΓΛΥΚΕΡΙΟΣ;Γλυκέριος,Γλυκερός,Γλυκεριος,Γλυκερος;3;12
ΒΑΡΒΑΡΑ;Βαρβάρα,Βαρβάρω,Βαρβαρούλα,Ρούλα,Βαρβαρίτσα,Ρίτσα,Βαρβαρα,Βαρβαρω,Βαρβαρουλα,Ρουλα,Βαρβαριτσα,Ριτσα;4;12
ΔΑΜΑΣΚΗΝΟΣΑΓ.ΙΩΑΝΝΗΣ;Δαμασκηνός,Δαμασκηνή,Δαμασκηνος,Δαμασκηνη;4;12
ΣΕΡΑΦΕΙΜ;Σεραφείμ,Σεραφειμία,Σεραφείμα,Σεραφειμή,Σεραφειμούλα,Σεραφειμίτσα,Σεραφειμ,Σεραφειμια,Σεραφειμα,Σεραφειμη,Σεραφειμουλα,Σεραφειμιτσα;4;12
ΔΙΟΓΕΝΗΣ;Διογένης,Διογενης;5;12
ΣΑΒΒΑΣ;Σάββας,Σάβας,Σαββούλης,Σαβούλη,Σαββούλα,Σαβούλα,Σαββας,Σαβας,Σαββουλης,Σαβουλη,Σαββουλα,Σαβουλα;5;12
ΝΙΚΟΛΑΟΣ;Νικόλαος,Νικόλας,Νίκος,Νικολός,Νικολής,Νικολάκης,Νικολούδα,Νικολίτσα,Νικολαος,Νικολας,Νικος,Νικολος,Νικολης,Νικολακης,Νικολουδα,Νικολιτσα;6;12
ΝΙΚΟΛΕΤΑ;Νικολέττα,Νικολετα,Νικολεττα,Νικολετα;6;12
ΝΙΚΟΛΙΝΑ;Νικολίνα,Νικολινα;6;12
ΑΜΒΡΟΣΙΟΣ;Αμβρόσιος,Αμβρόσης,Αμβροσία,Αμβροσιος,Αμβροσης,Αμβροσια;7;12
ΠΑΤΑΠΙΟΣ;Πατάπιος,Παταπιος;8;12
ΑΝΑΙΣ;Αναίς,Αναις;9;12
ΑΝΝΑ;Αννα,Αννούλα,Αννίτα,Ανίτα,Ανέτα,Αννέτα,Ανναμπέλλα,Ανναμαρία,Ανέζα,Ανεζούλα,Αννουλα,Αννιτα,Ανιτα,Ανετα,Αννετα,Ανναμπελλα,Ανναμαρια,Ανεζα,Ανεζουλα;9;12
δενυπάρχειμιαγιορτήπάραπολύγνωστή;;10;12
δενυπάρχειμιαγιορτήπάραπολύγνωστή;;11;12
ΣΠΥΡΙΔΩΝ;Σπυρίδων,Σπυρίδωνας,Σπύρος,Σπυρέτος,Σπυράκης,Σπυράκος,Σπυρούλα,Σπυρέτα,Σπυρίνα,Σπυριδούλα,Σπυρίδινα,Σπυριδων,Σπυριδωνας,Σπυρος,Σπυρετος,Σπυρακης,Σπυρακος,Σπυρουλα,Σπυρετα,Σπυρινα,Σπυριδουλα,Σπυριδινα;12;12
ΑΑΡΩΝ;Ααρών,Ααρων;13;12
ΑΒΡΑΑΜ;Αβραάμ,Αβρααμ;13;12
ΑΔΑΜ;Αδάμ,Αδάμος,Αδάμης,Αδάμας,Αδαμάντιος,Διαμαντής,Αδαμαντία,Διαμαντούλα,Διαμάντω,Αδαμ,Αδαμος,Αδαμης,Αδαμας,Αδαμαντιος,Διαμαντης,Αδαμαντια,Διαμαντουλα,Διαμαντω;13;12
ΑΡΗΣ;Αρης;13;12
ΔΑΒΙΔ;Δαβίδ,Δαυίδ,Δαβιδ,Δαυιδ;13;12
ΔΑΝΑΗ;Δανάη,Δάν,Δαναη,Δαν;13;12
ΔΕΒΟΡΑ;Δεβόρα,Δεβώρα,Ντέμπορα,Ντέπυ,Δεβορα,Δεβωρα,Ντεμπορα,Ντεπυ;13;12
ΕΣΘΗΡ;Εσθήρ,Εσθηρ;13;12
ΕΥΑ;Εύα,Ευα;13;12
ΕΥΣΤΡΑΤΙΟΣ;Ευστράτιος,Ευστράτης,Ευστρατάς,Στρατάς,Στρατής,Στράτος,Ευστρατία,Ευστρατούλα,Στρατούλα,Στράτα,Ευστρατιος,Ευστρατης,Ευστρατας,Στρατας,Στρατης,Στρατος,Ευστρατια,Ευστρατουλα,Στρατουλα,Στρατα;13;12
ΙΟΥΒΕΝΑΛΙΟΣ;Ιουβενάλιος,Ιουβεναλία,Ιουβενάλης,Γιουβενάλης,Ιουβεναλιος,Ιουβεναλια,Ιουβεναλης,Γιουβεναλης;13;12
ΙΣΑΑΚ;Ισαάκ,Ισαακ;13;12
ΙΩΒ;Ιώβ,Ιωβία,Ιωβ,Ιωβια;13;12
ΚΥΡΙΑΚΗΤΩΝΠΡΟΠΑΤΟΡΩΝΤΟΥΙΗΣΟΥΧΡΙΣΤΟΥ;ΚυριακήτωνΠροπατόρωντουΙησού,ΚυριακητωνΠροπατορωντουΙησου;13;12
ΛΟΥΚΙΑ;Λουκάς,Λουκία,Λουκίτσα,Λουκας,Λουκια,Λουκιτσα;13;12
ΜΕΛΧΙΣΕΔΕΧ;Μελχισεδέχ,Μελχής,Μελχισεδεχ,Μελχης;13;12
ΝΩΕ;Νώε,Νωε;13;12
ΡΑΧΗΛ;Ραχήλ,Ραχηλ;13;12
ΡΕΒΕΚΚΑ;Ρεβέκκα,Μπέκυ,Ρεβεκκα,Μπεκυ;13;12
ΡΟΥΜΠΙΝΗ;Ρουμπίνι,Ρουμπίνη,Ρούμπεν,Ρουμπίνα,Ρουμπινι,Ρουμπινη,Ρουμπεν,Ρουμπινα;13;12
ΣΑΡΑ;Σάρα,Σάρρα,Σαρα,Σαρρα;13;12
ΑΡΡΙΑΝΟΣ;Αρριανός,Αριανός,Αρρειανός,Αρειανός,Αρριανή,Αρριανος,Αριανος,Αρρειανος,Αρειανος,Αρριανη;14;12
ΛΕΥΚΗ;Λεύκιος,Λεύκης,Λεύκος,Λευκή,Λευκούλα,Λεύκας,Λευκάδα,Λευκιος,Λευκης,Λευκος,Λευκη,Λευκουλα,Λευκας,Λευκαδα;14;12
ΑΝΘΗ;Ανθή,Ανθούλα,Ανθια,Ανθεια,Ανθη,Ανθουλα;15;12
ΕΛΕΥΘΕΡΙΟΣ;Ελευθέριος,Λευθέρης,Λευτέρης,Λεφτέρης,Ελευθερία,Λευθερία,Λευτερία,Ρία,Ελευθεριος,Λευθερης,Λευτερης,Λεφτερης,Ελευθερια,Λευθερια,Λευτερια,Ρια;15;12
ΣΥΛΒΙΑ;Σύλβια,Συλβια;15;12
ΣΩΣΣΑΝΑ;Σωσσάνα,Σωσάνα,Σωσάννα,Σωσσανα,Σωσανα,Σωσαννα;15;12
ΘΕΟΦΑΝΩ;Θεοφανώ,Θεοφανω;16;12
ΜΟΔΕΣΤΟΣ;Μόδεστος,Μοδεστος;16;12
ΔΑΝΙΗΛ;Δανιήλ,Δανιήλος,Δανιέλος,Δανιήλα,Δανιέλα,Δανιηλίτσα,Δανιηλ,Δανιηλος,Δανιελος,Δανιηλα,Δανιελα,Δανιηλιτσα;17;12
ΔΙΟΝΥΣΗΣ;Διονύσιος,Νύσης,Διονύσης,Νιόνιος,Διονυσία,Διονυσούλα,Νύσα,Ντένης,Ντενίζ,Σίσσυ,Διονυσιος,Νυσης,Διονυσης,Νιονιος,Διονυσια,Διονυσουλα,Νυσα,Ντενης,Ντενιζ,Σισσυ;17;12
ΙΑΚΧΟΣ;Ιακχος,Ιακχη;17;12
ΣΕΒΑΣΤΙΑΝΟΣ;Σεβαστιανός,Σεβαστίνος,Σεβαστός,Σέβος,Σέβης,Σεβαστιανος,Σεβαστινος,Σεβαστος,Σεβος,Σεβης;18;12
ΦΛΩΡΟΣ;Φλώρος,Φλώρης,Φλώρα,Φλωρή,Φλωρίτσα,Φλωρος,Φλωρης,Φλωρα,Φλωρη,Φλωριτσα;18;12
ΑΓΛΑΙΑ;Αγλαία,Αγλαΐα,Αγλαια;19;12
ΑΡΗΣ;Αρης;19;12
ΙΓΝΑΤΙΟΣ;Ιγνάτιος,Ιγνάτης,Ιγνατία,Ιγνατιος,Ιγνατης,Ιγνατια;20;12
ΘΕΜΙΣΤΟΚΛΗΣ;Θεμιστοκλής,Θέμης,Θεμιστοκλεία,Θέμις,Θέμιδα,Θεμιστοκλης,Θεμης,Θεμιστοκλεια,Θεμις,Θεμιδα;21;12
ΙΟΥΛΙΑ;Ιουλιανή,Ιουλία,Ιουλίτσα,Γιουλία,Γιούλα,Γιουλίτσα,Ιούλιος,Τζούλια,Ιουλιανη,Ιουλια,Ιουλιτσα,Γιουλια,Γιουλα,Γιουλιτσα,Ιουλιος,Τζουλια;21;12
ΑΝΑΣΤΑΣΙΑ;Αναστασία,Τασία,Σία,Τατία,Τάσα,Τέσα,Τασούλα,Τασσώ,Αναστασια,Τασια,Σια,Τατια,Τασα,Τεσα,Τασουλα,Τασσω;22;12
ΖΩΙΛΟΣ;Ζωΐλος,Ζωΐλα,Ζωίλος,Ζωϊλος,Ζωϊλα,Ζωιλος;22;12
ΝΑΤΑΣΑ;Νατάσα,Νατάσσα,Τασία,Σία,Τατία,Τάσα,Τέσα,Τασούλα,Τασσώ,Σίσσυ,Νατασα,Νατασσα,Τασια,Σια,Τατια,Τασα,Τεσα,Τασουλα,Τασσω,Σισσυ;22;12
ΝΗΦΩΝ;Νήφων,Νηφων;23;12
ΑΧΜΕΤ;Αχμέτ,Αχμετ;24;12
ΕΥΓΕΝΙΑ;Ευγενία,Ευγενούλα,Ευγενίτσα,Τζένη,Τζενούλα,Ευγενίκη,Ευγενια,Ευγενουλα,Ευγενιτσα,Τζενη,Τζενουλα,Ευγενικη;24;12
ΒΗΘΛΕΕΜ;Βηθλεέμ,Βηθλεεμ;25;12
ΓΚΑΣΠΑΡ;Γκασπάρ,Γκάσπαρος,Γκασπαρ,Γκασπαρος;25;12
ΕΜΜΑΝΟΥΕΛΑ;Εμμανουέλα,Εμμανουέλλα,Μανουέλα,Μανωλία,Μανώλια,Μανώλα,Εμμανουηλία,Εμμα,Εμμανουελλα,Εμμανουελα,Μανουελα,Μανωλια,Μανωλα,Εμμανουηλια;25;12
ΕΜΜΑΝΟΥΗΛ;Εμμανουήλ,Μανώλης,Μανωλιός,Μανώλας,Μανόλης,Μανουήλ,Μάνος,Μανούσος,Μανουσάκης,Μανουσάκι,Εμμανουηλ,Μανωλης,Μανωλιος,Μανωλας,Μανολης,Μανουηλ,Μανος,Μανουσος,Μανουσακης,Μανουσακι;25;12
ΜΕΛΧΙΩΡ;Μελχιώρ,Μελχιόρ,Μελχιωρ,Μελχιορ;25;12
ΜΠΑΛΤΑΣΑΡ;Μπαλταζάρ,Μπαλτασάρ,Μπαλταζαρ,Μπαλτασαρ;25;12
ΧΡΗΣΤΟΣ;Χρήστος,Χρίστος,Χριστός,Κρίστης,Χρηστος,Χριστος,Κριστης;25;12
ΧΡΙΣΤΙΝΑ;Χριστίνα,Χριστιάνα,Κριστιάνα,Χρίστα,Κρίστα,Χρίστη,Κρίστη,Χριστόλη,Χριστινα,Χριστιανα,Κριστιανα,Χριστα,Κριστα,Χριστη,Κριστη,Χριστολη;25;12
ΧΡΥΣΑ;Χρυσή,Χρύσα,Χρυσαλία,Χρυση,Χρυσα,Χρυσαλια;25;12
ΧΡΥΣΑΥΓΗ;Χρυσαυγή,Χρυσαυγη;25;12
ΧΡΥΣΟΥΛΑ;Χρυσούλα,Σήλια,Χρυσουλα,Σηλια;25;12
ΧΡΥΣΤΑΛΛΑ;Χρυστάλλα,Χρυσταλλία,Χρυσταλλα,Χρυσταλλια;25;12
ΕΜΜΑΝΟΥΕΛΑ;Εμμανουέλλα,Εμμανουέλα,Μανουέλα,Μανωλία,Μανώλια,Μανώλα,Εμμανουηλία,Εμμα,Εμμανουελλα,Εμμανουελα,Μανουελα,Μανωλια,Μανωλα,Εμμανουηλια;26;12
ΕΜΜΑΝΟΥΗΛ;Εμμανουήλ,Μανώλης,Μανωλιός,Μανώλας,Μανόλης,Μανουήλ,Μάνος,Μανούσος,Μανουσάκης,Μανουσάκι,Εμμανουηλ,Μανωλης,Μανωλιος,Μανωλας,Μανολης,Μανουηλ,Μανος,Μανουσος,Μανουσακης,Μανουσακι;26;12
ΙΩΣΗΦ;Ιωσήφ,Σήφης,Ιωσηφίνα,Ζοζεφίνα,Ιωσηφ,Σηφης,Ιωσηφινα,Ζοζεφινα;26;12
ΚΩΝΣΤΑΝΤΙΟΣ;Κωνστάντιος,Κωστάντιος,Κωνσταντία,Κωσταντία,Ντία,Κωνσταντιος,Κωσταντιος,Κωνσταντια,Κωσταντια,Ντια;26;12
ΠΑΝΑΓΙΩΤΗΣ;Παναγιώτης,Πάνος,Πανούσος,Παναγής,Πανάγος,Γιώτης,Πανίκος,Τάκης,Παναγιώτα,Γιώτα,Παναγιούλα,Παναγούλα,Πάνη,Τότα,Τούλα,Πέγκυ;26;12
ΜΑΥΡΙΚΙΟΣ;Μαυρίκιος,Μαυρίκης,Μαυρικία,Μαυρίκα,Μωρίς,Μαυρικιος,Μαυρικης,Μαυρικια,Μαυρικα,Μωρις;27;12
ΣΤΕΦΑΝΟΣ;Στέφανος,Στέφος,Στέφας,Στεφανής,Στεφανία,Στεφάνα,Στεφανιώ,Στεφανίτσα,Στεφανή,Στέφα,Στέφη,Στεφανος,Στεφος,Στεφας,Στεφανης,Στεφανια,Στεφανα,Στεφανιω,Στεφανιτσα,Στεφανη,Στεφα,Στεφη;27;12
ΔΟΜΝΑ;Δόμνα,Δομνα;28;12
ΘΕΟΦΙΛΗ;Θεοφίλη,Θεοφιλίτσα,Φιλιώ,Θεοφιλη,Θεοφιλιτσα,Φιλιω;28;12
ΜΥΓΔΟΝΙΟΣ;Μυγδόνιος,Μυγδόνης,Μυγδονία,Μιγδονία,Μυγδονιος,Μυγδονης,Μυγδονια,Μιγδονια;28;12
ΒΕΝΙΑΜΙΝ;Βενιαμίν,Βενιαμιν;29;12
ΤΑΑΓΙΑΝΗΠΙΑΠΟΥΕΣΦΑΓΙΣΑΝΜΕΔΙΑΤΑΓΗΤΟΥΗΡΩΔΗ;ΤαάγιανήπιαπουεσφάγισανμεδιαταγήτουΗρώδη,ΤααγιανηπιαπουεσφαγισανμεδιαταγητουΗρωδη;29;12
ΑΝΥΣΙΟΣ;Ανύσιος,Ανυσία,Ανυσιος,Ανυσια;30;12
ΓΕΔΕΩΝ;Γεδεών,Γεδεων;30;12
ΙΩΣΗΦ;Ιωσήφ,Σήφης,Ιωσηφίνα,Ζοζεφίνα,Ιωσηφ,Σηφης,Ιωσηφινα,Ζοζεφινα;30;12
ΦΙΛΕΤΑΙΡΟΣ;Φιλέταιρος,Φιλέταιριος,Φιλεταίρης,Φιλεταιρία,Φιλεταίρα,Φιλεταίρη,Φιλεταιρος,Φιλεταιριος,Φιλεταιρης,Φιλεταιρια,Φιλεταιρα,Φιλεταιρη;30;12
ΜΕΛΑΝΗ;Μελανία,Μέλανυ,Μελανή,Μαύρη,Μελανια,Μελανυ,Μελανη,Μαυρη;31;12
